信号日期,预测次日涨跌幅,预测方向,预测次日收盘价,置信度,原始边界分数,次日实际涨跌幅,方向预测正确,置信度校准状态,置信度校准窗口,置信度校准方法,置信度校准样本数,置信度校准回退标记
20240327,-0.0013343569196034284,下跌,2989.144884530887,0.49896013704530556,0.6,0.005854990754187384,False,已校准,300,platt,300,0
20240328,0.001835660677123963,上涨,3016.190156782568,0.49439858423314653,0.6166666666666667,0.010131753012857514,True,已校准,300,platt,300,0
20240329,0.0015076177108784006,上涨,3045.7518170801773,0.4971020194668345,0.625,0.011907172868414362,True,已校准,300,platt,300,0
20240401,-0.0013251529912792883,下跌,3073.300602542911,0.49993844378680297,0.6333333333333333,-0.000786383579842953,True,已校准,300,platt,300,0
20240402,-0.0009703238402925214,下跌,3071.9748943625077,0.50388550883175,0.625,-0.0018415532488794684,True,已校准,300,platt,300,0
20240403,-0.0007922207981470203,下跌,3066.8643399523526,0.5072156484614718,0.625,-0.007247036690076092,True,已校准,300,platt,300,0
20240408,-0.0014527903543549018,下跌,3042.6258713735083,0.510561737916376,0.625,0.0004871264775672124,False,已校准,300,platt,300,0
20240409,-0.0006781301190111517,下跌,3046.469595309193,0.510606924502945,0.625,-0.006954811667196914,True,已校准,300,platt,300,0
20240410,0.001651040252476027,上涨,3032.3331517776255,0.5133526364218115,0.6333333333333333,0.0022830311902393152,True,已校准,300,platt,300,0
20240411,0.0018453789398242236,上涨,3039.8457344047974,0.5166023464490908,0.6333333333333333,-0.004868721274580712,False,已校准,300,platt,300,0
20240412,-0.0010664488050134199,下跌,3016.2533860941553,0.5173920018684512,0.625,0.012553214989301953,False,已校准,300,platt,300,0
20240415,0.0026212802595080957,上涨,3065.3918435487417,0.5174214519395335,0.625,-0.016455114997898757,False,已校准,300,platt,300,0
20240416,0.001637121985916889,上涨,3011.991037299659,0.5183007706790235,0.6166666666666667,0.021387111252984203,True,已校准,300,platt,300,0
20240417,0.0024208973818188274,上涨,3078.8160972531086,0.5218532429453732,0.6166666666666667,0.0009259679506994356,True,已校准,300,platt,300,0
20240418,0.0015230670493200844,上涨,3078.906850190469,0.5189789588643219,0.6416666666666667,-0.002915727107251742,False,已校准,300,platt,300,0
20240419,-0.0008559296373362061,下跌,3062.637352263929,0.5186994056827636,0.6166666666666667,-0.006741938125334079,True,已校准,300,platt,300,0
20240422,0.0012348047957850981,上涨,3048.3546807541843,0.5188140400335699,0.6166666666666667,-0.007428803671502893,False,已校准,300,platt,300,0
20240423,-0.000985613048313314,下跌,3018.9989995442907,0.5170157151894416,0.6083333333333333,0.007559553305740874,False,已校准,300,platt,300,0
20240424,-0.0009153245235363727,下跌,3042.0352994789996,0.5109651719341033,0.625,0.002652929860635922,False,已校准,300,platt,300,0
20240425,-0.000876797194318819,下跌,3050.223225845464,0.5121156865113914,0.6166666666666667,0.01170549313767233,False,已校准,300,platt,300,0
20240426,-0.00127026901592014,下跌,3084.712301768825,0.5141900579394262,0.6,0.00790235637048431,False,已校准,300,platt,300,0
20240429,-0.0013181435429851012,下跌,3108.9397622068864,0.5139480301688232,0.6,-0.0026400854315159483,True,已校准,300,platt,300,0
20240430,0.0006455001644447958,上涨,3106.828664725322,0.5140124733292986,0.6,0.011561329794969044,True,已校准,300,platt,300,0
20240506,0.0005245437603972479,上涨,3142.3678452889726,0.5050760944878577,0.6666666666666667,0.002234391829339488,True,已校准,300,platt,300,0
20240507,0.0005843609506563261,上涨,3149.577415170097,0.49990918286119257,0.7333333333333334,-0.006118107669698003,False,已校准,300,platt,300,0
20240508,0.0006319284190311843,上涨,3130.456775293985,0.5082622326736266,0.6666666666666667,0.00825969852833941,True,已校准,300,platt,300,0
20240509,0.0009939034258366168,上涨,3157.455189553575,0.5118444649151804,0.6666666666666667,7.199649775557759e-05,True,已校准,300,platt,300,0
20240510,-0.0008554452958921077,下跌,3151.8486574370904,0.5118444649151804,0.6666666666666667,-0.0020689181635956677,True,已校准,300,platt,300,0
20240513,0.0010297598053153275,上涨,3151.2624051831604,0.5071308745376312,0.7333333333333334,-0.0007135912416331713,False,已校准,300,platt,300,0
20240514,0.0005917650727940182,上涨,3147.6358593576333,0.5056006635495042,0.7333333333333334,-0.008224429832744296,False,已校准,300,platt,300,0
20240515,0.0008320602113220923,上涨,3122.49804640063,0.5112161462911325,0.6666666666666667,0.000800954619697869,True,已校准,300,platt,300,0
20240516,0.0007125552833560578,上涨,3124.625883329306,0.5049809400597259,0.7333333333333334,0.01012851968725359,True,已校准,300,platt,300,0
20240517,0.0012056025123562515,上涨,3157.828802031318,0.5097354711283509,0.7333333333333334,0.005427602173133428,True,已校准,300,platt,300,0
20240520,0.000588172151305504,上涨,3173.0102792355688,0.5106915673460521,0.7333333333333334,-0.004156038145337493,False,已校准,300,platt,300,0
20240521,0.0005331794855682338,上涨,3159.6494625273685,0.5152552655486945,0.6666666666666667,0.00018182591406867843,True,已校准,300,platt,300,0
20240522,0.0004496388779929846,上涨,3159.960102336732,0.5187636554042344,0.6666666666666667,-0.013345691786258551,False,已校准,300,platt,300,0
20240523,-0.001061820763414211,下跌,3113.077955576566,0.5153036922723118,0.6666666666666667,-0.008829615833977011,True,已校准,300,platt,300,0
20240524,-0.0011317984070464474,下跌,3085.3745212885274,0.515413947350053,0.6666666666666667,0.011386751241270865,False,已校准,300,platt,300,0
20240527,-0.0008786355050513756,下跌,3121.297805164483,0.5212483668139476,0.6,-0.004632010951706955,True,已校准,300,platt,300,0
20240528,-0.0007565318922667988,下跌,3107.219609535047,0.5245779596943962,0.6,0.00046485495544557054,False,已校准,300,platt,300,0
20240529,-0.0008572253163017739,下跌,3108.35075695382,0.5198810314496735,0.6333333333333333,-0.0062165511374799864,True,已校准,300,platt,300,0
20240530,0.0009504936539766108,上涨,3094.6164201290403,0.5220291279311792,0.6416666666666667,-0.0015733851696965173,False,已校准,300,platt,300,0
20240531,-0.0005513480185082683,下跌,3085.111491548405,0.5231397054793878,0.6333333333333333,-0.0026968588383088354,True,已校准,300,platt,300,0
20240603,0.0009557745389677843,上涨,3081.4310411179604,0.5275796188164145,0.6,0.004128811647091668,True,已校准,300,platt,300,0
20240604,-0.0008407447564160596,下跌,3088.6002904815628,0.5265524371873245,0.6083333333333333,-0.008344916755930742,True,已校准,300,platt,300,0
20240605,-0.0007373240307031452,下跌,3063.143204409381,0.5266178467376822,0.6083333333333333,-0.005418373320783876,True,已校准,300,platt,300,0
20240606,0.0009910060161241923,上涨,3051.815273096823,0.5299652168042289,0.6083333333333333,0.0008150108146043333,True,已校准,300,platt,300,0
20240607,-0.0010940700525103703,下跌,3047.940387352467,0.5321349918543279,0.6166666666666667,-0.0076143814722660075,True,已校准,300,platt,300,0
20240611,-0.0009506560172103189,下跌,3025.1664707053005,0.5353736332639057,0.6166666666666667,0.003111710588458605,False,已校准,300,platt,300,0
20240612,-0.0006706034542503652,下跌,3035.430563802327,0.535250141344737,0.6166666666666667,-0.0028144498665417794,True,已校准,300,platt,300,0
20240613,-0.000570193633641473,下跌,3027.1916298404426,0.5341386690197,0.625,0.0012263782451473748,False,已校准,300,platt,300,0
20240614,-0.0008662250579387071,下跌,3030.0063570440007,0.5318544413908664,0.6166666666666667,-0.0055208125558734444,True,已校准,300,platt,300,0
20240617,-0.00047490928310059806,下跌,3014.4584255097534,0.5351279484837174,0.6166666666666667,0.004760019983482744,False,已校准,300,platt,300,0
20240618,-0.0006315152829858074,下跌,3028.3327530871875,0.532861230655469,0.6083333333333333,-0.0040251842226426415,True,已校准,300,platt,300,0
20240619,-0.0004931773814724297,下跌,3016.560666447707,0.5360359304139269,0.6083333333333333,-0.004178924723259203,True,已校准,300,platt,300,0
20240620,-0.0008897788108726317,下跌,3002.7627259289657,0.5350115971668451,0.6166666666666667,-0.002428665196730573,True,已校准,300,platt,300,0
20240621,-0.0008867044316954123,下跌,2995.4792380145773,0.5373478605095334,0.625,-0.011686854809904279,True,已校准,300,platt,300,0
20240624,0.0010716006885321213,上涨,2966.2741588214285,0.5373478605095335,0.625,-0.004421924627625584,False,已校准,300,platt,300,0
20240625,0.0012723630247400428,上涨,2953.7497662152396,0.5349612496420822,0.6166666666666667,0.00763689093440556,True,已校准,300,platt,300,0
20240626,0.002013774262707011,上涨,2978.511094541631,0.5363105983697485,0.6333333333333333,-0.008973078141543578,False,已校准,300,platt,300,0
20240627,-0.0007070719412861338,下跌,2943.7694704247897,0.5329101570198113,0.6333333333333333,0.007315505692002677,False,已校准,300,platt,300,0
20240628,0.0017626717848272754,上涨,2972.6333571897776,0.5339150482396283,0.625,0.009209231722771216,True,已校准,300,platt,300,0
20240701,0.001636176805672428,上涨,2999.6302082561047,0.5362624709190312,0.6333333333333333,0.0007616044757019491,True,已校准,300,platt,300,0
20240702,-0.0007335885590132746,下跌,2994.812526945804,0.5353354631081537,0.6416666666666667,-0.004883365296845299,True,已校准,300,platt,300,0
20240703,-0.0009732546756475428,下跌,2979.4729890027625,0.5353998555914302,0.6416666666666667,-0.008318402283065796,True,已校准,300,platt,300,0
20240704,0.0019364127632434862,上涨,2963.294070486948,0.5387839977435155,0.6416666666666667,-0.002581074241090664,False,已校准,300,platt,300,0
20240705,0.0017693242234047381,上涨,2955.152688445118,0.538732169863474,0.6416666666666667,-0.009316651329031811,False,已校准,300,platt,300,0
20240708,-0.0011943243312646386,下跌,2918.9594470969605,0.5396425479441791,0.6333333333333333,0.012634126341537266,False,已校准,300,platt,300,0
20240709,0.0028622967261531028,上涨,2967.843001931988,0.5405737238991178,0.625,-0.006761163279079052,False,已校准,300,platt,300,0
20240710,-0.00084331356050435,下跌,2936.8847948168673,0.5406220395974399,0.625,0.010554597600650695,False,已校准,300,platt,300,0
20240711,-0.0008620509641491086,下跌,2967.8267746779334,0.5415166392020975,0.6166666666666667,0.0003055493704289258,False,已校准,300,platt,300,0
20240712,0.0004920187849966225,上涨,2972.7569329557664,0.5400635946774873,0.6,0.0009139785850948989,True,已校准,300,platt,300,0
20240715,0.0006457099434131722,上涨,2975.931048280807,0.5323770934821552,0.6666666666666667,0.0007712144411584632,True,已校准,300,platt,300,0
20240716,0.0006290265377897388,上涨,2978.1764743892377,0.5359614357091226,0.6666666666666667,-0.004518825578419539,False,已校准,300,platt,300,0
20240717,0.0005301533363384935,上涨,2964.4256674103217,0.535831583243061,0.6666666666666667,0.0048191695111361454,True,已校准,300,platt,300,0
20240718,-0.0014322588071178028,下跌,2972.8693744678853,0.5393400764105675,0.6666666666666667,0.0017383164624062974,False,已校准,300,platt,300,0
20240719,0.0010743331793979306,上涨,2985.5125930801833,0.5435614112697433,0.6,-0.006066810121527988,False,已校准,300,platt,300,0
20240722,-0.0011407224453237677,下跌,2960.834152846373,0.5382790855071,0.6166666666666667,-0.016478896355544892,True,已校准,300,platt,300,0
20240723,0.0016308383372239782,上涨,2920.122994716935,0.5405859423492272,0.625,-0.004602059739617914,False,已校准,300,platt,300,0
20240724,-0.0009672211171066744,下跌,2899.144970938214,0.5381945516533276,0.6166666666666667,-0.005241368929697621,True,已校准,300,platt,300,0
20240725,-0.0008915428370611526,下跌,2884.1679462040734,0.537204899094021,0.625,0.0014395815683676538,False,已校准,300,platt,300,0
20240726,-0.0008283394635969868,下跌,2888.502655681204,0.5358081260228147,0.6083333333333333,0.00032792586578556104,False,已校准,300,platt,300,0
20240729,0.0007131204353230169,上涨,2893.9075339792225,0.5257416164728022,0.6666666666666667,-0.004338302605606192,False,已校准,300,platt,300,0
20240730,0.0007055802458591824,上涨,2881.33117691967,0.5303041717035365,0.6,0.02064727824780732,True,已校准,300,platt,300,0
20240731,-0.002270229440738512,下跌,2932.0776648201904,0.5306596422021392,0.6,-0.002164934586288081,True,已校准,300,platt,300,0
20240801,0.0006272447167793153,上涨,2934.2264243160266,0.5310053093966761,0.6,-0.009224430157941943,False,已校准,300,platt,300,0
20240802,-0.0009500863804403644,下跌,2902.5771784106673,0.5270522214821707,0.625,-0.015364720966152823,True,已校准,300,platt,300,0
20240805,0.0020726421380656283,上涨,2866.627002804552,0.5293878100672145,0.6333333333333333,0.0023022005330308737,True,已校准,300,platt,300,0
20240806,0.001576784823710509,上涨,2871.8047894234323,0.5335082346094332,0.625,0.0008893783339263273,True,已校准,300,platt,300,0
20240807,-0.0010457196450114818,下跌,2866.832758417422,0.5327942987676465,0.6333333333333333,2.3555371046368734e-05,False,已校准,300,platt,300,0
20240808,0.0012685889766791715,上涨,2873.5421252801966,0.5335269871232403,0.625,-0.0026855626468561544,False,已校准,300,platt,300,0
20240809,-0.000903253485032263,下跌,2859.6088132043365,0.5309184100622318,0.6166666666666667,-0.0013938607448041873,True,已校准,300,platt,300,0
20240812,-0.0006336972948021259,下跌,2856.393363476989,0.5316318651183799,0.6083333333333333,0.0034082234700762992,False,已校准,300,platt,300,0
20240813,-0.000757599299106905,下跌,2865.7732461205233,0.5268485227416908,0.625,-0.006029437095398604,True,已校准,300,platt,300,0
20240814,-0.0005607712351432362,下跌,2849.0553352915304,0.5281895098060806,0.6083333333333333,0.009367675255140595,False,已校准,300,platt,300,0
20240815,0.0017459573902015326,上涨,2882.3816442897596,0.5275203056006418,0.6166666666666667,0.0007200703117258289,True,已校准,300,platt,300,0
20240816,-0.0005472053092177718,下跌,2877.85416072592,0.5288381812373055,0.6,0.0049468127335488,False,已校准,300,platt,300,0
20240819,-0.0009106499709918236,下跌,2891.03867603797,0.5294640678585882,0.5916666666666667,-0.009335122708026056,True,已校准,300,platt,300,0
20240820,-0.0014547592756556072,下跌,2862.49069832009,0.5330421710740968,0.5916666666666667,-0.0035152743906586847,True,已校准,300,platt,300,0
20240821,-0.0005443323368816513,下跌,2855.0289690102145,0.5358479839411295,0.6,-0.0027347700167322797,True,已校准,300,platt,300,0
20240822,-0.0005682250051938664,下跌,2847.153056629149,0.5360675492013132,0.6,0.001964249997139067,False,已校准,300,platt,300,0
20240823,-0.0007409319240586507,下跌,2852.2526079962545,0.5335608844537496,0.5916666666666667,0.00040387231146654656,False,已校准,300,platt,300,0
20240826,0.0005630779032359395,上涨,2857.1281803831716,0.5324897920983404,0.6,-0.002377535190346891,False,已校准,300,platt,300,0
20240827,-0.0003513579101807309,下跌,2847.730275758902,0.5298578790063087,0.5916666666666667,-0.003967345181602355,True,已校准,300,platt,300,0
20240828,-0.0007521906677549862,下跌,2835.295012160125,0.534392376624622,0.5833333333333334,-0.005047984807938444,True,已校准,300,platt,300,0
20240829,0.0005623936720089993,上涨,2824.6936969498106,0.5352095386756552,0.575,0.006768502493353035,True,已校准,300,platt,300,0
20240830,-0.0017735396300666943,下跌,2837.173420479162,0.5371960321475069,0.5916666666666667,-0.010970038781735747,True,已校准,300,platt,300,0
20240902,-0.0010163071513476759,下跌,2808.1781250268114,0.539875912834045,0.6,-0.0028659550663722166,True,已校准,300,platt,300,0
20240903,0.0007347795153888327,上涨,2805.038271330832,0.5397521646681016,0.6,-0.00667161687671769,False,已校准,300,platt,300,0
20240904,-0.0006908514627203746,下跌,2782.3547772638244,0.54184613395795,0.5833333333333334,0.001449495907072329,False,已校准,300,platt,300,0
20240905,-0.0006656125051969321,下跌,2786.458163266623,0.5408381518494454,0.5916666666666667,-0.00807208197957332,True,已校准,300,platt,300,0
20240906,-0.0014303660003665468,下跌,2761.8504842757707,0.5413034485291427,0.6166666666666667,-0.010600524273823075,True,已校准,300,platt,300,0
20240909,-0.0011848113342545262,下跌,2733.245378475473,0.5446922951091256,0.6166666666666667,0.0028154704592853186,False,已校准,300,platt,300,0
20240910,-0.001255791843739139,下跌,2740.745965943167,0.543437388349678,0.6,-0.008161564199532623,True,已校准,300,platt,300,0
20240911,-0.0008345739587472324,下跌,2719.523660605037,0.5424055867387909,0.6083333333333333,-0.0017165508999354984,True,已校准,300,platt,300,0
20240912,-0.0006944202674987823,下跌,2715.2362746500708,0.5446980857825896,0.6166666666666667,-0.004796801440464682,True,已校准,300,platt,300,0
20240913,-0.0009758825750208229,下跌,2701.4507260780647,0.5481248639126628,0.6166666666666667,0.004878425626133165,False,已校准,300,platt,300,0
20240918,-0.001317280753644163,下跌,2713.701877641273,0.5468774501867694,0.6,0.00689693039877759,False,已校准,300,platt,300,0
20240919,-0.0019066709360628393,下跌,2730.805505990837,0.549271501680294,0.5833333333333334,0.00028936168719684296,False,已校准,300,platt,300,0
20240920,-0.0008477839763039387,下跌,2734.4936730294544,0.543331871092832,0.6,0.004422587885862361,False,已校准,300,platt,300,0
20240923,-0.0009941917243138584,下跌,2746.18474877184,0.5454379294112592,0.5833333333333334,0.041546460266889795,False,已校准,300,platt,300,0
20240924,0.0033413445345448823,上涨,2872.6921887411413,0.5397716797208816,0.6,0.011588803913764822,True,已校准,300,platt,300,0
20240925,0.0022559595031807506,上涨,2902.8396483680317,0.5423491886658921,0.6083333333333333,0.03613116529791727,True,已校准,300,platt,300,0
20240926,0.0038936679208781294,上涨,3012.637312870696,0.5412423127172842,0.6166666666666667,0.028849505986865642,True,已校准,300,platt,300,0
20240927,0.002554303371140684,上涨,3095.415084711473,0.5412326168612794,0.6166666666666667,0.08063692106366238,True,已校准,300,platt,300,0
20240930,0.0050867953776614645,上涨,3353.4694795518994,0.5446518353787189,0.6166666666666667,0.045939703115009056,True,已校准,300,platt,300,0
20241008,0.006990336542932701,上涨,3514.1698024081466,0.5446119593063237,0.6166666666666667,-0.06616967953035124,False,已校准,300,platt,300,0
20241009,0.0057910308250972535,上涨,3277.729945974409,0.5412475438222961,0.6166666666666667,0.013215703980701488,True,已校准,300,platt,300,0
20241010,0.007060112254497737,上涨,3325.2378675100335,0.5412508300182728,0.6166666666666667,-0.025496695731421437,False,已校准,300,platt,300,0
20241011,0.005062346742621495,上涨,3234.027003964205,0.5412622638055701,0.6166666666666667,0.020693047789445362,True,已校准,300,platt,300,0
20241014,0.004431371780988329,上涨,3298.876554046165,0.5412649670416945,0.6166666666666667,-0.025280891264484517,False,已校准,300,platt,300,0
20241015,0.0038904449115479936,上涨,3213.746349782735,0.5378933781057605,0.6166666666666667,0.0005173223972483321,True,已校准,300,platt,300,0
20241016,0.002525790956713058,上涨,3211.0379770932223,0.5369906162498872,0.625,-0.010479002468975374,False,已校准,300,platt,300,0
20241017,0.0026659842131439215,上涨,3177.833828509187,0.5378882397046146,0.6166666666666667,0.02908419783615379,True,已校准,300,platt,300,0
20241018,0.005376138240519924,上涨,3279.097915181006,0.5403734716642907,0.625,0.0020072276383538146,True,已校准,300,platt,300,0
20241021,0.002068627395854966,上涨,3274.8705018786677,0.5436175632369098,0.625,0.0054333850451788734,True,已校准,300,platt,300,0
20241022,0.0013860761413208506,上涨,3290.421361713646,0.5487793292574025,0.6083333333333333,0.005154164948068862,True,已校准,300,platt,300,0
20241023,0.0018698063328951725,上涨,3308.978401591744,0.5513439772368127,0.6166666666666667,-0.006824597581181702,False,已校准,300,platt,300,0
20241024,0.0008631310449406641,上涨,3283.0937963993047,0.5523508993749139,0.6083333333333333,0.005925684301180123,True,已校准,300,platt,300,0
20241025,0.0015000415628027052,上涨,3304.649987594793,0.5504225703970469,0.625,0.006817952527385707,True,已校准,300,platt,300,0
20241028,0.0014642300688125884,上涨,3327.061961474034,0.5494416716985885,0.6333333333333333,-0.010773140368686707,False,已校准,300,platt,300,0
20241029,0.001960425165301763,上涨,3292.849754986224,0.5461073640141411,0.6333333333333333,-0.006137158300843493,False,已校准,300,platt,300,0
20241030,0.0015613663808659933,上涨,3271.337593892834,0.5470148779930785,0.625,0.004159709375722853,True,已校准,300,platt,300,0
20241031,0.0015115795835461416,上涨,3284.782115600656,0.5494384067500968,0.6333333333333333,-0.002381286022507756,False,已校准,300,platt,300,0
20241101,0.0015465402256770147,上涨,3277.0745015792863,0.5521970562181776,0.6083333333333333,0.01167262660412649,True,已校准,300,platt,300,0
20241104,0.0015182331230656604,上涨,3315.2328662152504,0.5494433507065437,0.6333333333333333,0.023194832033475166,True,已校准,300,platt,300,0
20241105,0.0027830184046781672,上涨,3396.412946879104,0.5527989434231564,0.6333333333333333,-0.0009390942728476626,False,已校准,300,platt,300,0
20241106,0.00166256661652867,上涨,3389.4320032249225,0.5503317924722432,0.625,0.025667752485352135,True,已校准,300,platt,300,0
20241107,0.003521250152714252,上涨,3482.881965224144,0.5528058250025953,0.6333333333333333,-0.005291153624371714,False,已校准,300,platt,300,0
20241108,0.0018928725729521183,上涨,3458.8318584942717,0.5477381644681081,0.65,0.005146891905682294,True,已校准,300,platt,300,0
20241111,0.0015375069592678695,上涨,3475.4009501628666,0.5504533191617857,0.6583333333333333,-0.013860141034217288,False,已校准,300,platt,300,0
20241112,0.002189391900425959,上涨,3429.4621336204395,0.5478279164895486,0.65,0.005057817425114131,True,已校准,300,platt,300,0
20241113,0.0010759643868184375,上涨,3442.9783404291748,0.5495006963020284,0.6333333333333333,-0.01728237829465229,False,已校准,300,platt,300,0
20241114,0.0019021158442494215,上涨,3386.2677451227005,0.5469470756804865,0.625,-0.014531047618867365,False,已校准,300,platt,300,0
20241115,0.001822579402561648,上涨,3336.79681314995,0.5469274488170244,0.625,-0.002064924998490536,False,已校准,300,platt,300,0
20241118,-0.0020045913284030457,下跌,3317.185641919515,0.5459022200347415,0.6,0.006667331357992579,False,已校准,300,platt,300,0
20241119,0.0013148316365737614,上涨,3350.409239541326,0.5435593643608022,0.625,0.0065688689853808935,True,已校准,300,platt,300,0
20241120,0.000882229140364976,上涨,3370.9606383048977,0.546895696810163,0.625,0.0007169262681445687,True,已校准,300,platt,300,0
20241121,0.0006174793004709285,上涨,3372.4850546424764,0.5461870959611367,0.6333333333333333,-0.030623125020713293,False,已校准,300,platt,300,0
20241122,0.002256332560518379,上涨,3274.563470788532,0.5435643711024447,0.625,-0.0010504128377410993,False,已校准,300,platt,300,0
20241125,0.0010798518472113052,上涨,3267.2840769408986,0.5435643711024447,0.625,-0.0012263464126970325,False,已校准,300,platt,300,0
20241126,-0.00060022243662599,下跌,3257.800620590607,0.5457368284091071,0.6,0.015345222644189471,False,已校准,300,platt,300,0
20241127,0.001504582477574417,上涨,3314.758735337585,0.5416458845067142,0.6083333333333333,-0.004254241877002629,False,已校准,300,platt,300,0
20241128,-0.0004994014681771631,下跌,3294.052423430311,0.5423318711525105,0.6,0.009332589697303328,False,已校准,300,platt,300,0
20241129,0.0010940706902221966,上涨,3330.0950776836926,0.5375295008505239,0.6166666666666667,0.011281256503731685,True,已校准,300,platt,300,0
20241202,0.0008288814663502738,上涨,3366.7706425816,0.5415920351415381,0.6083333333333333,0.004406681925763989,True,已校准,300,platt,300,0
20241203,0.0006808019896719043,上涨,3381.106598051756,0.5450032581798183,0.6083333333333333,-0.0041897933006695975,False,已校准,300,platt,300,0
20241204,0.0006249896790392326,上涨,3366.7526713985812,0.5415920351415381,0.6083333333333333,0.0012499071968796738,True,已校准,300,platt,300,0
20241205,0.00042700378616108314,上涨,3370.293813968129,0.541579096326233,0.6083333333333333,0.010454916244102108,True,已校准,300,platt,300,0
20241206,0.0010580727981919992,上涨,3407.678160641807,0.5415529725000807,0.6083333333333333,-0.00045301568437183803,False,已校准,300,platt,300,0
20241209,0.0007149347026711826,上涨,3404.9668898480986,0.5415945413363696,0.6083333333333333,0.0059151203854139744,True,已校准,300,platt,300,0
20241210,0.0014971199416263115,上涨,3427.7848335873905,0.5448220355616801,0.6083333333333333,0.002871888528126698,True,已校准,300,platt,300,0
20241211,0.00044098351342167284,上涨,3434.0038715881815,0.544224115445625,0.6166666666666667,0.008451473510397767,True,已校准,300,platt,300,0
20241212,0.0009354460560764659,上涨,3464.737846336019,0.5442610044974362,0.6166666666666667,-0.020113131307995413,False,已校准,300,platt,300,0
20241213,0.0010751933605652093,上涨,3395.525124920486,0.5441710367364622,0.6166666666666667,-0.001635377119378889,False,已校准,300,platt,300,0
20241216,0.0004983098103943156,上涨,3388.0186420582045,0.5440805986279422,0.6166666666666667,-0.007337203165478923,False,已校准,300,platt,300,0
20241217,0.0007599538524315382,上涨,3364.0395734756407,0.5447385768162976,0.6083333333333333,0.0061648646357188586,True,已校准,300,platt,300,0
20241218,0.0005181829570031455,上涨,3383.960702594458,0.5448270876673927,0.6083333333333333,-0.003599719366765064,False,已校准,300,platt,300,0
20241219,0.0006419491016379763,上涨,3372.1964897210355,0.5415097523049938,0.6083333333333333,-0.0005827242468330329,False,已校准,300,platt,300,0
20241220,0.0005748262065937789,上涨,3370.0053544992643,0.5389124577431609,0.6,-0.004991643135133894,False,已校准,300,platt,300,0
20241223,0.0007281000079422258,上涨,3353.697150321126,0.5341016288365322,0.6166666666666667,0.01261347570140181,True,已校准,300,platt,300,0
20241224,0.0008625276500967624,上涨,3396.4551118176305,0.534109985878848,0.6166666666666667,-5.245278505283668e-05,False,已校准,300,platt,300,0
20241225,0.0006608963513632445,上涨,3395.592752699988,0.5293734170782838,0.6333333333333333,0.0013928418408699628,True,已校准,300,platt,300,0
20241226,0.0005193612379257807,上涨,3399.8413292176065,0.5341234599997696,0.6166666666666667,0.0006078438787353591,True,已校准,300,platt,300,0
20241227,0.000762886479097902,上涨,3402.7359223588123,0.5374892362320253,0.6166666666666667,0.002112823523252816,True,已校准,300,platt,300,0
20241230,-0.00044429777130801997,下跌,3405.8120326965095,0.5436027269588966,0.5454545454545454,-0.01630689333239299,True,已校准,300,platt,300,0
20241231,0.0015586726470451491,上涨,3356.987301307478,0.5367384087104073,0.625,-0.026613546363510765,False,已校准,300,platt,300,0
20250102,0.0023403594686995425,上涨,3270.1962648264516,0.5375335801245453,0.6166666666666667,-0.015671984279097106,False,已校准,300,platt,300,0
20250103,-0.0012605876319854398,下跌,3207.381611187072,0.5375653943881055,0.6166666666666667,-0.0014034558250828333,True,已校准,300,platt,300,0
20250106,0.0007044759663124229,上涨,3209.182000038419,0.5375573151712922,0.6166666666666667,0.007085016203071781,True,已校准,300,platt,300,0
20250107,0.0008508131117214783,上涨,3232.3917233763113,0.5383238351018124,0.6083333333333333,0.0001622469895210532,True,已校准,300,platt,300,0
20250108,-0.001448332317295368,下跌,3225.4895434401396,0.5392846999397702,0.6333333333333333,-0.005812267529498927,True,已校准,300,platt,300,0
20250109,-0.0004988425835051735,下跌,3209.7913202695768,0.5417007368702678,0.6083333333333333,-0.013349190209744899,True,已校准,300,platt,300,0
20250110,-0.0011353591770742195,下跌,3164.926387425892,0.5425105102010319,0.6,-0.0024518673332988294,True,已校准,300,platt,300,0
20250113,-0.0008499262651768245,下跌,3158.0685913077114,0.5425471147543388,0.6,0.025368938750393477,False,已校准,300,platt,300,0
20250114,-0.0018484636514007466,下跌,3234.9492402136293,0.5391021410399357,0.6,-0.004265213178892502,True,已校准,300,platt,300,0
20250115,0.0006205971197052158,上涨,3229.119439328973,0.5383575496761186,0.6083333333333333,0.002762620886936018,True,已校准,300,platt,300,0
20250116,-0.001441378037670864,下跌,3231.3676545460003,0.5383800824927929,0.6083333333333333,0.0017889810731166467,False,已校准,300,platt,300,0
20250117,0.0009588004930294276,上涨,3244.929459764873,0.5326106356973035,0.6333333333333333,0.0007885690919660071,True,已校准,300,platt,300,0
20250120,-0.0006448556832443024,下跌,3242.285444666049,0.5349652391725712,0.6083333333333333,-0.0005409358022936406,True,已校准,300,platt,300,0
20250121,0.0006171684874192915,上涨,3244.6238444853134,0.5349998065913935,0.6083333333333333,-0.008943038884636212,False,已校准,300,platt,300,0
20250122,0.0006795296057011301,上涨,3215.807452445733,0.5349249272109965,0.6083333333333333,0.005146837820495298,True,已校准,300,platt,300,0
20250123,-0.0009250337224159538,下跌,3227.1756896485763,0.5341783489428619,0.6166666666666667,0.00695404384613707,False,已校准,300,platt,300,0
20250124,-0.0008015189987325288,下跌,3250.019358144621,0.5349149214020871,0.6083333333333333,-0.000622789017515224,True,已校准,300,platt,300,0
20250127,0.0004978218663963314,上涨,3252.218920107383,0.5349597538661465,0.6083333333333333,-0.006495137960193076,False,已校准,300,platt,300,0
20250205,0.0010209012966422093,上涨,3232.7845880783298,0.532483737876214,0.6,0.012748709733395591,True,已校准,300,platt,300,0
20250206,-0.0009470219000215176,下跌,3267.562013920689,0.5349414142014893,0.6083333333333333,0.01009190990660791,False,已校准,300,platt,300,0
20250207,0.0013030129065217406,上涨,3307.9713202186445,0.5348868621950897,0.6083333333333333,0.005600807296959109,True,已校准,300,platt,300,0
20250210,0.000649428532119425,上涨,3324.327311856666,0.5374400271283061,0.6166666666666667,-0.0012380161905030107,False,已校准,300,platt,300,0
20250211,0.0004912540241781396,上涨,3319.6869088045773,0.5340910049246153,0.6166666666666667,0.008537677578705827,True,已校准,300,platt,300,0
20250212,-0.000730930036182484,下跌,3343.9394263984973,0.5374152314185098,0.6166666666666667,-0.004154572273713741,True,已校准,300,platt,300,0
20250213,0.0005426214364502481,上涨,3334.2908764953577,0.5399954862868183,0.625,0.004273570700714213,True,已校准,300,platt,300,0
20250214,-0.0005373800451527445,下跌,3344.9257371982903,0.5433328846022171,0.625,0.0027206902797667354,False,已校准,300,platt,300,0
20250217,0.0004612857737735609,上涨,3357.3775964536885,0.5441120890763108,0.6166666666666667,-0.009338674407067593,False,已校准,300,platt,300,0
20250218,-0.0010047642322553068,下跌,3321.150270754651,0.5407561689995736,0.6166666666666667,0.008136163777993533,False,已校准,300,platt,300,0
20250219,0.000607710931216099,上涨,3353.57596700824,0.5343181593076268,0.65,-0.0002255381646737442,False,已校准,300,platt,300,0
20250220,-0.00033732499526836887,下跌,3349.652997039182,0.5305736225500306,0.65,0.008454590304302734,False,已校准,300,platt,300,0
20250221,0.0008041316808609714,上涨,3381.8300516556824,0.5357016488098438,0.6,-0.0018008277202229417,False,已校准,300,platt,300,0
20250224,0.0005534369784585924,上涨,3374.894358203201,0.5271661878150778,0.65,-0.008001061123840136,False,已校准,300,platt,300,0
20250225,-0.0006132049821896065,下跌,3343.987991724035,0.5323565582268049,0.6,0.010213446953021954,False,已校准,300,platt,300,0
20250226,-0.0005826740217207164,下跌,3378.2448368812734,0.5291725205167873,0.6333333333333333,0.002321687050383492,False,已校准,300,platt,300,0
20250227,-0.0007057155293593312,下跌,3385.671191891024,0.5319119565314684,0.6,-0.019823986702487306,True,已校准,300,platt,300,0
20250228,-0.0013192255412557963,下跌,3316.5162874619527,0.5353433178472765,0.6,-0.0011960622811191257,True,已校准,300,platt,300,0
20250303,0.0008657120532902971,上涨,3319.796802212073,0.528860477371614,0.6666666666666667,0.0021961905503267154,True,已校准,300,platt,300,0
20250304,-0.0005873403388621637,下跌,3322.2574574308846,0.5285208380364587,0.6666666666666667,0.005341118802395739,False,已校准,300,platt,300,0
20250305,-0.0005231069884854885,下跌,3340.216694805537,0.5291750129523034,0.6666666666666667,0.011709698088091969,False,已校准,300,platt,300,0
20250306,-0.0006572630290540036,下跌,3378.8760290898126,0.5295284754161104,0.6666666666666667,-0.0025295035048227277,True,已校准,300,platt,300,0
20250307,-0.0004630897731766202,下跌,3370.98400853045,0.5283866932089569,0.7333333333333334,-0.0018925762253546585,True,已校准,300,platt,300,0
20250310,0.00048074370958403693,上涨,3367.781261687684,0.5298715764621718,0.7333333333333334,0.004059637040749298,True,已校准,300,platt,300,0
20250311,0.0007529997350695983,上涨,3382.3734098897808,0.5345278743751364,0.7333333333333334,-0.002338846552091267,False,已校准,300,platt,300,0
20250312,-0.00037148470990223053,下跌,3370.67088197679,0.5372165085049728,0.6666666666666667,-0.003913196725845003,True,已校准,300,platt,300,0
20250313,-0.0005861528355529268,下跌,3356.7597717658728,0.5410039513363272,0.6666666666666667,0.018111943254716767,False,已校准,300,platt,300,0
20250314,-0.0010001162155858596,下跌,3416.1416409936455,0.5415124372028,0.6,0.0019203923684252278,False,已校准,300,platt,300,0
20250317,0.0002117501649943359,上涨,3426.8539832751667,0.5376088921257647,0.6083333333333333,0.0010597384190349501,True,已校准,300,platt,300,0
20250318,0.00016362295689785025,上涨,3430.320487358114,0.5376429758848851,0.6083333333333333,-0.0009709719279717977,False,已校准,300,platt,300,0
20250319,0.0002906848422137951,上涨,3427.4251110022897,0.5342934911351596,0.6083333333333333,-0.005101783661596859,False,已校准,300,platt,300,0
20250320,0.0002670167984855858,上涨,3409.8584464345668,0.5342436791740185,0.6083333333333333,-0.01294167508910804,False,已校准,300,platt,300,0
20250321,-0.0007114793068611213,下跌,3362.436692585859,0.5345793414819017,0.6,0.0015446839569075443,False,已校准,300,platt,300,0
20250324,0.00040253081741748554,上涨,3371.3848402463195,0.5340920830996942,0.6083333333333333,-1.543013748583899e-05,False,已校准,300,platt,300,0
20250325,0.00022783798577419244,上涨,3370.744108612298,0.5345014457794498,0.6,-0.00037952789163531175,False,已校准,300,platt,300,0
20250326,-0.00019998316968319397,下跌,3368.023617236243,0.5311278553393554,0.6,0.0014995707687954773,False,已校准,300,platt,300,0
20250327,0.000511141666625346,上涨,3375.4733636355213,0.5309993941359813,0.6,-0.006651976974338614,False,已校准,300,platt,300,0
20250328,0.00034167158516169144,上涨,3352.451846306719,0.5309476356738209,0.6,-0.00464314398192367,False,已校准,300,platt,300,0
20250331,0.0005307438562037294,上涨,3337.5166268015046,0.5278039022441164,0.5916666666666667,0.0038039164970045114,True,已校准,300,platt,300,0
20250401,-0.00022606484721660167,下跌,3347.678136530704,0.5231181002043352,0.7,0.0005051613513429309,False,已校准,300,platt,300,0
20250402,-0.00021511097830186215,下跌,3349.405950989639,0.5259696516583651,0.6363636363636364,-0.002423460653695919,True,已校准,300,platt,300,0
20250403,-0.00046527753104732737,下跌,3340.452738908603,0.5246482985328156,0.6666666666666667,-0.07343834067168675,True,已校准,300,platt,300,0
20250407,0.0020820622539478757,上涨,3103.0234644224934,0.5317020538563038,0.5833333333333334,0.01581517677491684,True,已校准,300,platt,300,0
20250408,0.0007685624616108192,上涨,3147.9666509594135,0.5353137865216347,0.5833333333333334,0.013117201063559847,True,已校准,300,platt,300,0
20250409,0.0014640555058655278,上涨,3191.4755665802422,0.5350837540866612,0.5916666666666667,0.011556384332808811,True,已校准,300,platt,300,0
20250410,0.0006377168395284065,上涨,3225.6936681733723,0.5383967760865872,0.5916666666666667,0.004525601340026331,True,已校准,300,platt,300,0
20250411,0.0006576595182758264,上涨,3240.356450677356,0.5375306591446564,0.6083333333333333,0.007590790120074242,True,已校准,300,platt,300,0
20250414,0.0004744362433268338,上涨,3264.3554941329985,0.5408264578661255,0.6083333333333333,0.0014879210618463645,True,已校准,300,platt,300,0
20250415,0.00039209711195161605,上涨,3268.9435409506627,0.5403320463327633,0.6166666666666667,0.002552772971674555,True,已校准,300,platt,300,0
20250416,0.0007127046214161316,上涨,3278.3387231193074,0.5436715744019176,0.6166666666666667,0.0013239605728185833,True,已校准,300,platt,300,0
20250417,0.0004674828373109504,上涨,3281.874703211524,0.547017822932948,0.6166666666666667,-0.0011007391548171208,False,已校准,300,platt,300,0
20250418,0.0003460383744141308,上涨,3277.864274461009,0.5476104654891981,0.6083333333333333,0.004487308446248672,True,已校准,300,platt,300,0
20250421,0.0004725901349119795,上涨,3292.989599285373,0.5509355964208622,0.6083333333333333,0.0025286849887105056,True,已校准,300,platt,300,0
20250422,0.00037621221645930893,上涨,3300.9985089323677,0.5515615223197476,0.6,-0.0010309546723907825,False,已校准,300,platt,300,0
20250423,0.00032204585900374023,上涨,3297.416777541965,0.5487786202968675,0.5916666666666667,0.00028300954945637,True,已校准,300,platt,300,0
20250424,-0.00044476730367801675,下跌,3295.8215740623136,0.5476480554022819,0.6083333333333333,-0.000675737130765186,True,已校准,300,platt,300,0
20250425,0.0002671857528727458,上涨,3295.9403930868607,0.5476815909466164,0.6083333333333333,-0.002016746280796178,False,已校准,300,platt,300,0
20250428,0.000275733523358326,上涨,3289.321426171494,0.5455962028371748,0.5916666666666667,-0.0005351818917486151,False,已校准,300,platt,300,0
20250429,-0.00028357837758212023,下跌,3285.7227757641435,0.5421386900483168,0.5916666666666667,-0.0023195012752784683,True,已校准,300,platt,300,0
20250430,0.0002513502038934179,上涨,3279.855585210963,0.544935119377664,0.6,0.011308857853572274,True,已校准,300,platt,300,0
20250506,0.0004898307587904928,上涨,3317.73783439194,0.547662868332257,0.6083333333333333,0.008006842950339266,True,已校准,300,platt,300,0
20250507,-0.0005578411137060878,下跌,3340.8004239778697,0.5510143298908748,0.6083333333333333,0.0027913954048224277,False,已校准,300,platt,300,0
20250508,-0.0005565305754248162,下跌,3350.1303118486044,0.5463313559509906,0.6666666666666667,-0.0029823724719464373,True,已校准,300,platt,300,0
20250509,-0.00028258805528933747,下跌,3341.05449103007,0.5477887685993297,0.6923076923076923,0.008152486226132405,False,已校准,300,platt,300,0
20250512,0.0004912494167703603,上涨,3370.8996393955817,0.5514270561972384,0.6428571428571428,0.0016698699070369916,True,已校准,300,platt,300,0
20250513,-0.0002772751223798845,下跌,3373.934932313641,0.5494920778345255,0.6666666666666667,0.00861585600894288,False,已校准,300,platt,300,0
20250514,-0.0008500007353865906,下跌,3401.0547416117824,0.5496982489658665,0.625,-0.006794081261109808,True,已校准,300,platt,300,0
20250515,-0.00045488747551031614,下跌,3379.2835066882026,0.5478240892043504,0.6470588235294117,-0.003951554495011167,True,已校准,300,platt,300,0
20250516,-0.0004351541485207932,下跌,3365.996534984229,0.5464149251899824,0.6666666666666667,3.5932106611236136e-05,False,已校准,300,platt,300,0
20250519,0.00031272458685915845,上涨,3368.636025971116,0.5458943613508437,0.631578947368421,0.0038291856155938664,True,已校准,300,platt,300,0
20250520,-0.00032712417509155257,下跌,3379.372163922835,0.5444690383240568,0.65,0.00209899310097561,False,已校准,300,platt,300,0
20250521,-0.00026669893493775254,下跌,3386.670137728857,0.5436175188485703,0.6190476190476191,-0.0021800559550941845,True,已校准,300,platt,300,0
20250522,0.00026306196379447124,上涨,3381.0776990248055,0.5422503479181873,0.6363636363636364,-0.0094127294971863,False,已校准,300,platt,300,0
20250523,-0.0007638552942079058,下跌,3345.8140285499794,0.5445034977265579,0.6086956521739131,-0.00045780460992428385,True,已校准,300,platt,300,0
20250526,0.00048108942833796614,上涨,3348.4489287650317,0.5431357803752797,0.625,-0.0018380927100523081,False,已校准,300,platt,300,0
20250527,-0.0003359258642156942,下跌,3339.5647768324507,0.5452698934986795,0.6,-0.0002260313522337576,True,已校准,300,platt,300,0
20250528,0.00020643103749166486,上涨,3340.621365607268,0.5439557981728798,0.6153846153846154,0.007040143543046495,True,已校准,300,platt,300,0
20250529,0.0005729075348036185,上涨,3365.372443269851,0.542736985532842,0.6296296296296297,-0.0047445989536623046,False,已校准,300,platt,300,0
20250530,0.0003524071212653927,上涨,3348.6669783628654,0.5413335200264976,0.6071428571428572,0.004328082140894196,True,已校准,300,platt,300,0
20250603,-0.00047058569012129386,下跌,3360.393402439162,0.5401709549239032,0.6206896551724138,0.004231857132807937,False,已校准,300,platt,300,0
20250604,0.0002897689605045745,上涨,3377.1812188047857,0.5419696715853358,0.6,0.0023386035240950953,True,已校准,300,platt,300,0
20250605,0.0002949576099676872,上涨,3385.0966656054557,0.5442074179957466,0.6129032258064516,0.0003721522881203754,True,已校准,300,platt,300,0
20250606,0.00020302257778509507,上涨,3386.0452040875834,0.5431249489052049,0.625,0.004257659138491743,True,已校准,300,platt,300,0
20250609,0.00033654080374454843,上涨,3400.915761866812,0.5421416907495474,0.6363636363636364,-0.004398913150518768,False,已校准,300,platt,300,0
20250610,0.0007094534107057716,上涨,3387.2176694686473,0.5437887008066037,0.6176470588235294,0.005170029463637427,True,已校准,300,platt,300,0
20250611,0.0005225968058824712,上涨,3404.093939421943,0.5461395320781495,0.6285714285714286,0.00010054915829527111,True,已校准,300,platt,300,0
20250612,-0.0003417922326327666,下跌,3401.4949979252942,0.549467877709274,0.6285714285714286,-0.007541751183927303,True,已校准,300,platt,300,0
20250613,0.0005514545491899861,上涨,3378.8582598067965,0.5494980651257796,0.6285714285714286,0.0034744785010110135,True,已校准,300,platt,300,0
20250616,0.0003710537694998939,上涨,3389.9867007805797,0.5470291431313976,0.6571428571428571,-0.0003908249620292459,False,已校准,300,platt,300,0
20250617,0.00031592937619790557,上涨,3388.4750807169867,0.5494945720877573,0.6285714285714286,0.00041438801721049856,True,已校准,300,platt,300,0
20250618,0.0003848429589334706,上涨,3390.112759128883,0.5469033189695105,0.6571428571428571,-0.00787899322493446,False,已校准,300,platt,300,0
20250619,0.0005914062791325135,上涨,3364.096571900603,0.5461932497817072,0.6285714285714286,-0.0006581584733056367,False,已校准,300,platt,300,0
20250620,0.00023416282749197116,上涨,3360.6821626069413,0.5455199581510151,0.6,0.006454427122939643,True,已校准,300,platt,300,0
20250623,0.0007039629835889081,上涨,3383.9621082723856,0.5478680786023623,0.6111111111111112,0.011528451657058847,True,已校准,300,platt,300,0
20250624,-0.0007302562021429711,下跌,3418.0681104636606,0.5501882619654873,0.6216216216216216,0.01035138629104071,False,已校准,300,platt,300,0
20250625,-0.0006879666666430092,下跌,3453.5960053624012,0.5484607604803627,0.6052631578947368,-0.0021760004185217285,True,已校准,300,platt,300,0
20250626,0.00027421201403137293,上涨,3449.399007352107,0.550839633051253,0.6153846153846154,-0.0070253812912187685,False,已校准,300,platt,300,0
20250627,0.0006941480259703221,上涨,3426.60362020428,0.5490442758033157,0.6,0.005898820892904055,True,已校准,300,platt,300,0
20250630,0.00045469681084748246,上涨,3445.9917693355214,0.5480835800634659,0.6097560975609756,0.0038676405145752213,True,已校准,300,platt,300,0
20250701,0.00030763733189637836,上涨,3458.811132184508,0.547121498092937,0.6190476190476191,-0.000854602623661993,False,已校准,300,platt,300,0
20250702,0.00022165267668031784,上涨,3455.5581639828347,0.5453018864927055,0.6046511627906976,0.0018404000194049974,True,已校准,300,platt,300,0
20250703,0.0002756977640263078,上涨,3462.1048314813784,0.5443637052458757,0.6136363636363636,0.003226846008954398,True,已校准,300,platt,300,0
20250704,0.0006864444360336685,上涨,3474.702754194973,0.5467709373539917,0.6222222222222222,0.00023266870165628006,True,已校准,300,platt,300,0
20250707,-0.00019699017708892577,下跌,3472.442928077519,0.5458773744169194,0.6304347826086957,0.007010454641870112,False,已校准,300,platt,300,0
20250708,-0.0004032417600699528,下跌,3496.0649719042267,0.5440079238810737,0.6170212765957447,-0.001265427092508653,True,已校准,300,platt,300,0
20250709,-0.00035190337203221936,下跌,3491.820284102275,0.5464567603249,0.625,0.004761541455395868,False,已校准,300,platt,300,0
20250710,-0.0005592789537150027,下跌,3507.7189088350233,0.5478592579179524,0.6122448979591837,0.00014115239734846519,False,已校准,300,platt,300,0
20250711,-0.0007663362757041413,下跌,3507.4872238774906,0.5491657209052908,0.6,0.0026986102012171997,False,已校准,300,platt,300,0
20250714,-0.0002978076748366806,下跌,3518.6016212768227,0.5469826398070259,0.5882352941176471,-0.004162630043477722,True,已校准,300,platt,300,0
20250715,-0.0006703467836634053,下跌,3502.649235327676,0.546216628765896,0.5961538461538461,-0.0003486163818372523,True,已校准,300,platt,300,0
20250716,0.00034608760718164667,上涨,3504.9895137634194,0.5487206080784202,0.6037735849056604,0.00372415264225312,True,已校准,300,platt,300,0
20250717,-0.0002754809635915132,下跌,3515.8566815224767,0.5479360865950764,0.6111111111111112,0.005020777971497248,False,已校准,300,platt,300,0
20250718,-0.0002575126876336503,下跌,3533.5725258605285,0.549135181034782,0.6,0.00716045377729535,False,已校准,300,platt,300,0
20250721,0.0002603838654300964,上涨,3560.71811219278,0.5510668702107518,0.5818181818181818,0.0061997737395385055,True,已校准,300,platt,300,0
20250722,-0.0005629934628237444,下跌,3579.8445356159573,0.5525077269390515,0.6,0.00012197569581906542,False,已校准,300,platt,300,0
20250723,-0.0005310618697655596,下跌,3580.3955781260624,0.5524571210437244,0.6,0.00654018733226569,False,已校准,300,platt,300,0
20250724,0.00048603744129760033,上涨,3607.479418276494,0.5544432727368981,0.5818181818181818,-0.0033478963700773745,False,已校准,300,platt,300,0
20250725,0.00036592205443825487,上涨,3594.970297730319,0.5489629798387904,0.6,0.0011914331349476281,True,已校准,300,platt,300,0
20250728,0.00036996636053198366,上涨,3599.2680156203164,0.5421516849996029,0.6666666666666667,0.0032725421060051385,True,已校准,300,platt,300,0
20250729,0.0003888751614102402,上涨,3611.115027064432,0.5421516849996029,0.6666666666666667,0.0016636787545862841,True,已校准,300,platt,300,0
20250730,-0.0006488628566106153,下跌,3613.370595733343,0.5407186590628488,0.7333333333333334,-0.011756590332422823,True,已校准,300,platt,300,0
20250731,0.000708958036664705,上涨,3575.7414546700657,0.5415391446991072,0.7333333333333334,-0.0037099433500684675,False,已校准,300,platt,300,0
20250801,0.0004923731017256265,上涨,3561.70462450976,0.5424986483416198,0.6666666666666667,0.006561043888290818,True,已校准,300,platt,300,0
20250804,0.0005716018622067743,上涨,3585.357025982942,0.5424986483416198,0.6666666666666667,0.009569032956356027,True,已校准,300,platt,300,0
20250805,-0.0005069431935642725,下跌,3615.763683519626,0.5415391446991072,0.7333333333333334,0.004532648960182906,False,已校准,300,platt,300,0
20250806,-0.0003172718799117558,下跌,3632.8419356064874,0.5415391446991074,0.7333333333333334,0.0015607341661376672,False,已校准,300,platt,300,0
20250807,0.00037148574629374616,上涨,3641.0186842631615,0.5456682189283889,0.6333333333333333,-0.0012469548721852908,False,已校准,300,platt,300,0
20250808,-0.0003101911011850492,下跌,3634.000515611712,0.5312931093502268,0.7333333333333334,0.0034162757565545654,False,已校准,300,platt,300,0
20250811,0.0004231853642120625,上涨,3649.09028837872,0.5385409230737099,0.6333333333333333,0.00503653592701081,True,已校准,300,platt,300,0
20250812,0.00034479919694058235,上涨,3667.18170547901,0.5420119765605177,0.6333333333333333,0.004786550445472493,True,已校准,300,platt,300,0
20250813,0.00035951838755216416,上涨,3684.7890733255017,0.5419305758435365,0.6333333333333333,-0.004621246821742475,False,已校准,300,platt,300,0
20250814,-0.0006911665926995855,下跌,3663.9084773608292,0.5429900398029592,0.625,0.008271750933725341,False,已校准,300,platt,300,0
20250815,0.0006745309940824944,上涨,3699.26408628026,0.5406312932570586,0.6166666666666667,0.008455163770648033,True,已校准,300,platt,300,0
20250818,0.0006650719807665129,上涨,3730.5067065007634,0.5429526797512644,0.625,-0.00019833545746850145,False,已校准,300,platt,300,0
20250819,0.000425857413966344,上涨,3728.875193186202,0.5405971577066083,0.6166666666666667,0.01044257944228022,True,已校准,300,platt,300,0
20250820,0.0009226193907976851,上涨,3769.6851787448636,0.5439543267886551,0.6166666666666667,0.0012979890873860978,True,已校准,300,platt,300,0
20250821,0.0004418334926096192,上涨,3772.765097797963,0.5439399721673743,0.6166666666666667,0.014494528372088089,True,已校准,300,platt,300,0
20250822,0.000842979450076816,上涨,3828.9842363865423,0.5472997335767779,0.6166666666666667,0.01510876586273402,True,已校准,300,platt,300,0
20250825,-0.0006762118850851368,下跌,3880.935589421999,0.5462652847774586,0.625,-0.003908705763577824,True,已校准,300,platt,300,0
20250826,-0.00044841558302179655,下跌,3866.6473572301193,0.5463160985072368,0.625,-0.017586706793693008,True,已校准,300,platt,300,0
20250827,0.0014519748009261687,上涨,3805.867912289502,0.546250956443956,0.625,0.011379873205885627,True,已校准,300,platt,300,0
20250828,0.0013853568124823944,上涨,3848.92215384253,0.5462649394469491,0.625,0.003728278096972293,True,已校准,300,platt,300,0
20250829,0.0004883735938474062,上涨,3859.8115098691405,0.5462789483355968,0.625,0.004562812664644866,True,已校准,300,platt,300,0
20250901,0.0004962884956839677,上涨,3877.453781152194,0.5462859631321099,0.625,-0.004488933953401553,False,已校准,300,platt,300,0
20250902,-0.0011121892292943782,下跌,3853.842425587339,0.5472323644085273,0.6166666666666667,-0.011553981000242297,True,已校准,300,platt,300,0
20250903,0.0015065956480963128,上涨,3819.3020877773292,0.5462845026787432,0.625,-0.0125029480354375,False,已校准,300,platt,300,0
20250904,0.0013272425171364048,上涨,3770.8741306087395,0.5462845026787432,0.625,0.012384476078991291,True,已校准,300,platt,300,0
20250905,0.0012769737443320312,上涨,3817.3827806609906,0.5462914661976759,0.625,0.003757730167726958,True,已校准,300,platt,300,0
20250908,-0.0006167749992987611,下跌,3824.480400329941,0.5496286949031988,0.625,-0.0051082345810736784,True,已校准,300,platt,300,0
20250909,0.0009013109416552783,上涨,3810.7238542080704,0.5487144062018621,0.6333333333333333,0.0012945945862889996,True,已校准,300,platt,300,0
20250910,-0.0007222187112756654,下跌,3809.4679425178383,0.5478494230296249,0.6416666666666667,0.01654893477849617,False,已校准,300,platt,300,0
20250911,-0.0016275411712930224,下跌,3869.002174400001,0.5454046912300975,0.6333333333333333,-0.0012156448721230007,True,已校准,300,platt,300,0
20250912,0.0005237641689251111,上涨,3872.6256807542186,0.5445017639399813,0.6416666666666667,-0.002608072178193366,False,已校准,300,platt,300,0
20250915,-0.0004075932897147578,下跌,3858.9300846377205,0.5453988545032329,0.6333333333333333,0.0003526741951489498,False,已校准,300,platt,300,0
20250916,0.000620843546608788,上涨,3864.262714025209,0.5420579250880894,0.6333333333333333,0.0037483960793969207,True,已校准,300,platt,300,0
20250917,0.0005483085613521945,上涨,3878.46633090219,0.544506851525098,0.6416666666666667,-0.011527546506552189,False,已校准,300,platt,300,0
20250918,-0.001637855247818751,下跌,3825.3805017849927,0.54541683811107,0.6333333333333333,-0.003018746828068797,True,已校准,300,platt,300,0
20250919,0.0006161198691167303,上涨,3822.4430329811426,0.5445094926032921,0.6416666666666667,0.002221675754499275,True,已校准,300,platt,300,0
20250922,0.0004985028995543263,上涨,3830.4849564365654,0.5436163672763918,0.65,-0.001761411891897935,False,已校准,300,platt,300,0
20250923,0.0010980454173836166,上涨,3826.029245882242,0.5410833669169863,0.6416666666666667,0.008323101113243414,True,已校准,300,platt,300,0
20250924,0.0010223010793054073,上涨,3857.5817825803165,0.5410833669169864,0.6416666666666667,-8.825417159896709e-05,False,已校准,300,platt,300,0
20250925,-0.0004380113963304736,下跌,3851.614309766696,0.5410833669169863,0.6416666666666667,-0.006538833277567213,True,已校准,300,platt,300,0
20250926,0.000492964217353903,上涨,3829.993119278238,0.5435894319442274,0.65,0.008992880552419313,True,已校准,300,platt,300,0
20250929,0.0012286924334657466,上涨,3867.2775634738114,0.5470583945924458,0.65,0.005241562159865154,True,已校准,300,platt,300,0
20250930,-0.0004285808683135405,下跌,3881.11331589044,0.5504985792929692,0.65,0.013185149372714422,False,已校准,300,platt,300,0
20251009,0.0010100089863932507,上涨,3937.9457474762226,0.5513005509212944,0.6416666666666667,-0.009391092830239534,False,已校准,300,platt,300,0
20251010,0.0009370773405408269,上涨,3900.679916727961,0.5521552173305633,0.6333333333333333,-0.001931189564683966,False,已校准,300,platt,300,0
20251013,0.0019198830297615394,上涨,3896.969589268,0.5488430536609943,0.6333333333333333,-0.006240721499013335,False,已校准,300,platt,300,0
20251014,0.001287029362755978,上涨,3870.203563088073,0.5463770847075827,0.625,0.012154674720557868,True,已校准,300,platt,300,0
20251015,0.0009244506732820067,上涨,3915.826144706295,0.5488137134587607,0.6333333333333333,0.001027168918229071,True,已校准,300,platt,300,0
20251016,-0.0005390217519405786,下跌,3914.1170679224415,0.5487586252697828,0.6333333333333333,-0.01952713171960374,True,已校准,300,platt,300,0
20251017,0.0014150650926214607,上涨,3845.188803689238,0.5512888536082725,0.6416666666666667,0.006286155787062819,True,已校准,300,platt,300,0
20251020,0.00043869813952588483,上涨,3865.5876824949482,0.5546225148956416,0.6416666666666667,0.013571702277646036,True,已校准,300,platt,300,0
20251021,-0.0007694176519360967,下跌,3913.3189048744744,0.5546841320652716,0.6416666666666667,-0.0006574008200835868,True,已校准,300,platt,300,0
20251022,0.00040055782581753654,上涨,3915.3252862350328,0.5572315566362345,0.65,0.002210790980003541,True,已校准,300,platt,300,0
20251023,0.0007309152975431608,上涨,3925.277049545328,0.5573403757820272,0.65,0.007113330653518268,True,已校准,300,platt,300,0
20251024,0.00033494071012926153,上涨,3951.634620139041,0.5607740356241336,0.65,0.011804891842073895,True,已校准,300,platt,300,0
20251027,0.0005422370482822592,上涨,3999.1117913878275,0.5633713305514587,0.6583333333333333,-0.0021818166351822432,False,已校准,300,platt,300,0
20251028,-0.0005274211495727021,下跌,3986.1204263659088,0.5634082043266129,0.6583333333333333,0.0070475230841478,False,已校准,300,platt,300,0
20251029,-0.00045411609400154446,下跌,4014.507119454063,0.5600033248150832,0.6583333333333333,-0.007327633105936759,True,已校准,300,platt,300,0
20251030,0.0007407350474493161,上涨,3989.8540371532636,0.5602361941318664,0.6583333333333333,-0.0080540754864028,False,已校准,300,platt,300,0
20251031,0.0005619218592789313,上涨,3957.0122829498578,0.5607829609206249,0.65,0.005494779748102863,True,已校准,300,platt,300,0
20251103,0.0007479133156936466,上涨,3979.494792781661,0.5608614694127516,0.65,-0.004107786990773077,False,已校准,300,platt,300,0
20251104,0.000793988448701208,上涨,3963.330341938708,0.5574070582021897,0.65,0.002288352112754355,True,已校准,300,platt,300,0
20251105,0.0009562022409181972,上涨,3973.043704119221,0.557486011078922,0.65,0.009702492031047782,True,已校准,300,platt,300,0
20251106,0.0006530378170011028,上涨,4010.3771187761604,0.5609369497105002,0.65,-0.0025461106090711727,False,已校准,300,platt,300,0
20251107,-0.0003382395668971975,下跌,3996.2035684913844,0.5608555782752365,0.65,0.005263591449144789,False,已校准,300,platt,300,0
20251110,0.0004623898576892118,上涨,4020.4553585874182,0.5574563153593357,0.65,-0.0039415744379656115,False,已校准,300,platt,300,0
20251111,-0.0005569497627721675,下跌,4000.5282651042453,0.5581831266434537,0.6416666666666667,-0.0006540490985514902,True,已校准,300,platt,300,0
20251112,0.0007200549220738633,上涨,4003.0199202079625,0.5582210524327852,0.6416666666666667,0.0073401438289804055,True,已校准,300,platt,300,0
20251113,0.0006414438765668843,上涨,4032.0858988703594,0.5615625707644815,0.6416666666666667,-0.00968087563790776,False,已校准,300,platt,300,0
20251114,0.0007970793477526517,上涨,3993.6728388402803,0.5590676584171972,0.6333333333333333,-0.0046253192682677025,False,已校准,300,platt,300,0
20251117,-0.0005508565389889398,下跌,3969.8467786573283,0.5626116395407643,0.6,-0.008112139400188512,True,已校准,300,platt,300,0
20251118,-0.0006697085867288144,下跌,3937.1745733368234,0.56259598881405,0.6,0.0017587890146362195,False,已校准,300,platt,300,0
20251119,0.0005524558572233292,上涨,3948.922800955832,0.5549451179747976,0.6416666666666667,-0.003975734519689023,False,已校准,300,platt,300,0
20251120,-0.0006896478303695471,下跌,3928.3401590688486,0.5558059987626408,0.6,-0.0244617521135313,True,已校准,300,platt,300,0
20251121,-0.0015441275034900775,下跌,3828.969239642839,0.559262628355305,0.6,0.0004888535548390749,False,已校准,300,platt,300,0
20251124,-0.0006593744908423529,下跌,3834.2356347019563,0.559290164789328,0.6,0.008668056465791274,False,已校准,300,platt,300,0
20251125,-0.000638762175543824,下跌,3867.550775816868,0.5539526935279621,0.65,-0.001508621602952842,True,已校准,300,platt,300,0
20251126,0.0003251499115474626,上涨,3865.4408392158634,0.5541314820745523,0.65,0.002866064052222672,True,已校准,300,platt,300,0
20251127,0.0005443083747045686,上涨,3877.3687361455723,0.5543333382890473,0.65,0.003441524456401668,True,已校准,300,platt,300,0
20251128,0.0006242742155897035,上涨,3891.0237503425,0.5545562499070088,0.65,0.006534466088301993,True,已校准,300,platt,300,0
20251201,0.0004735337548023288,上涨,3915.8595140048524,0.5547264985110197,0.65,-0.004163125857162053,False,已校准,300,platt,300,0
20251202,0.000415965695145772,上涨,3899.3329143151714,0.5520669833364609,0.6416666666666667,-0.005057326457914457,False,已校准,300,platt,300,0
20251203,0.0006460473073597375,上涨,3880.504971199522,0.5519876584032396,0.6416666666666667,-0.00056892734078684,False,已校准,300,platt,300,0
20251204,0.0006214215162966952,上涨,3878.2018013493384,0.5526614591899117,0.6333333333333333,0.006970005340584118,True,已校准,300,platt,300,0
20251205,0.0009256210829565982,上涨,3906.4201209972834,0.5527115867151501,0.6333333333333333,0.005449974013579384,True,已校准,300,platt,300,0
20251208,0.0007881826235367855,上涨,3927.170689935366,0.5519968722082749,0.6416666666666667,-0.0037094575443942235,False,已校准,300,platt,300,0
20251209,0.000545080019901088,上涨,3911.652602111532,0.5527117506713415,0.6333333333333333,-0.002308620062362654,False,已校准,300,platt,300,0
20251210,0.0008143785426238287,上涨,3903.67248024799,0.5494018373338362,0.6333333333333333,-0.006967934334505266,False,已校准,300,platt,300,0
20251211,0.0011675997661699813,上涨,3877.840084724062,0.5468210975057288,0.625,0.0041380804920310155,True,已校准,300,platt,300,0
20251212,0.0012365032779162208,上涨,3894.1548887069994,0.5460911050755545,0.6333333333333333,-0.005508587215582228,False,已校准,300,platt,300,0
20251215,-0.0009252157074635111,下跌,3864.3422388280937,0.5460789237380536,0.6333333333333333,-0.011145264113337938,True,已校准,300,platt,300,0
20251216,0.0013069966670264522,上涨,3829.8109164053035,0.5494036090148412,0.6333333333333333,0.011887015934038514,True,已校准,300,platt,300,0
20251217,0.0019687325773877725,上涨,3877.8970413977813,0.5527155395670582,0.6333333333333333,0.0015743057183883469,True,已校准,300,platt,300,0
20251218,-0.0008246667084952829,下跌,3873.173786298857,0.55603858954276,0.6333333333333333,0.0036314898176013077,False,已校准,300,platt,300,0
20251219,0.0007428362512053709,上涨,3893.3374654364115,0.556890374245217,0.625,0.006918561425131697,True,已校准,300,platt,300,0
20251222,0.0005361044656554858,上涨,3919.4639162267777,0.5560335200981644,0.6333333333333333,0.0006674897031517801,True,已校准,300,platt,300,0
20251223,0.0007237661911866642,上涨,3922.8157479808556,0.5560619104661965,0.6333333333333333,0.005349110834431681,True,已校准,300,platt,300,0
20251224,0.0008275719314270683,上涨,3944.2084171204415,0.5560805966585409,0.6333333333333333,0.004738480370327203,True,已校准,300,platt,300,0
20251225,0.0006634581794192712,上涨,3962.248143006196,0.555283391814859,0.6416666666666667,0.001024795023948144,True,已校准,300,platt,300,0
20251226,0.0008760886482874055,上涨,3967.1514340897465,0.5553319241871058,0.6416666666666667,0.00040384199638365814,True,已校准,300,platt,300,0
20251229,0.0007358643365999904,上涨,3968.1975078422875,0.5586757801412124,0.6416666666666667,-4.12833435503579e-05,False,已校准,300,platt,300,0
20251230,0.0008863838277286365,上涨,3968.6305146088293,0.5561376209339614,0.6333333333333333,0.0009392411455111382,True,已校准,300,platt,300,0
20251231,0.0005997015043219646,上涨,3971.2202193783833,0.5594702404144044,0.6333333333333333,0.013751272065609443,True,已校准,300,platt,300,0
20260105,-0.0011204077222212814,下跌,4018.908832859606,0.5586967831799627,0.6416666666666667,0.014974958969574237,False,已校准,300,platt,300,0
20260106,0.0015880473475555702,上涨,4090.1522568652595,0.5594728509431047,0.6333333333333333,0.0005154925455237436,True,已校准,300,platt,300,0
20260107,-0.0007778174322053325,下跌,4082.5943150810385,0.5594902781831342,0.6333333333333333,-0.0006837140679621934,True,已校准,300,platt,300,0
20260108,0.0006480145071178277,上涨,4085.624629494655,0.5628264511508947,0.6333333333333333,0.009171539171352272,True,已校准,300,platt,300,0
20260109,0.0010050741312169354,上涨,4124.567333582194,0.5620570728265545,0.6416666666666667,0.010887466490115294,True,已校准,300,platt,300,0
20260112,0.0012677271275244647,上涨,4170.567447323826,0.5613150710721253,0.65,-0.006368948886355308,False,已校准,300,platt,300,0
20260113,-0.0014095627009340066,下跌,4132.924660390227,0.5579277020607549,0.65,-0.003060168888810444,True,已校准,300,platt,300,0
20260114,0.002301829696373346,上涨,4135.590763857764,0.5580394198657922,0.65,-0.0032699212901928787,False,已校准,300,platt,300,0
20260115,0.0008428151908693321,上涨,4116.067362765347,0.5587464062576402,0.6416666666666667,-0.0025989634005845197,False,已校准,300,platt,300,0
20260116,0.0011275094644678182,上涨,4106.537645391671,0.555427138525556,0.6416666666666667,0.002946771636558765,True,已校准,300,platt,300,0
20260119,0.0010477033661593458,上涨,4118.31035175315,0.5554575129322076,0.6416666666666667,-8.534273005966764e-05,False,已校准,300,platt,300,0
20260120,0.0013976950230419755,上涨,4119.398626733841,0.5562341254125527,0.6333333333333333,0.00080001964192844,True,已校准,300,platt,300,0
20260121,0.0009070975129483326,上涨,4120.674466034958,0.5595742385054757,0.6333333333333333,0.0013689779302104021,True,已校准,300,platt,300,0
20260122,0.000886485027092069,上涨,4126.2306018970485,0.5595821547538178,0.6333333333333333,0.0032960459673758713,True,已校准,300,platt,300,0
20260123,0.0006544856663543167,上涨,4138.871260182588,0.5629212419361254,0.6333333333333333,-0.0008604590697826042,False,已校准,300,platt,300,0
20260126,0.0010094510776612218,上涨,4136.776862772688,0.5603557759194506,0.625,0.0017661740347225674,True,已校准,300,platt,300,0
20260127,0.0014931394122473097,上涨,4146.0855539746335,0.5595977704999155,0.6333333333333333,0.002737672111776668,True,已校准,300,platt,300,0
20260128,-0.0009103649909892742,下跌,4147.458658437608,0.5621899776633253,0.6416666666666667,0.001625226095214316,False,已校准,300,platt,300,0
20260129,-0.0008299919486838814,下跌,4154.533406342248,0.5596014719284043,0.6333333333333333,-0.009628919973126204,True,已校准,300,platt,300,0
20260130,0.0023127585757819315,上涨,4127.471418626521,0.5629402755699112,0.6333333333333333,-0.02481847996317399,False,已校准,300,platt,300,0
20260202,0.0024168141821861305,上涨,4025.4517128515827,0.5603593107381983,0.625,0.012946908201175278,True,已校准,300,platt,300,0
20260203,0.001880109188289403,上涨,4075.385691401343,0.5636723111453624,0.625,0.008472546866896247,True,已校准,300,platt,300,0
20260204,0.0012048194618151415,上涨,4107.1444128058965,0.562906124029826,0.6333333333333333,-0.006407607426450523,False,已校准,300,platt,300,0
20260205,0.0011558166872228212,上涨,4080.62771253759,0.5636697531124086,0.625,-0.002535208827992075,False,已校准,300,platt,300,0
20260206,0.0018858264512554642,上涨,4073.2503847155053,0.5621421966517018,0.6416666666666667,0.01414466125575009,True,已校准,300,platt,300,0
20260209,0.0008933147004238222,上涨,4126.772916640176,0.5654935056480836,0.6416666666666667,0.0012814176708304537,True,已校准,300,platt,300,0
20260210,-0.0004971633189676199,下跌,4126.320624327667,0.568803020947282,0.6416666666666667,0.0008748966996223739,False,已校准,300,platt,300,0
20260211,0.0005961710135707062,上涨,4134.448369685509,0.5646700688154369,0.65,0.0004919669359884082,True,已校准,300,platt,300,0
20260212,0.00048641621860298385,上涨,4136.0286533059125,0.5647349052348716,0.65,-0.01256530632258035,False,已校准,300,platt,300,0
20260213,0.0013188415040912556,上涨,4087.4562067675934,0.5670403331538895,0.625,0.008656460446097913,True,已校准,300,platt,300,0
20260224,0.0007611315190852065,上涨,4120.542789690752,0.5680057637089443,0.65,0.00724280748506656,True,已校准,300,platt,300,0
20260225,-0.001331912521490824,下跌,4141.706751767541,0.5721563380809956,0.6416666666666667,-0.00014453018707305532,True,已校准,300,platt,300,0
20260226,-0.0007385969054806248,下跌,4143.56841110137,0.5746730545517906,0.65,0.0039189403658310695,False,已校准,300,platt,300,0
20260227,0.0010696139831811746,上涨,4167.334176262727,0.5754019024571528,0.6416666666666667,0.004734557061016442,True,已校准,300,platt,300,0
20260302,0.0016134723763756521,上涨,4189.339394878831,0.5787667749343907,0.6416666666666667,-0.014324829138799955,False,已校准,300,platt,300,0
20260303,-0.0023194716636013757,下跌,4113.113569839791,0.5771054889269837,0.625,-0.009751433292356726,True,已校准,300,platt,300,0
20260304,0.0015467926230095786,上涨,4088.788740666828,0.5771059800798785,0.625,0.006391467526798644,True,已校准,300,platt,300,0
20260305,0.0010593278569447882,上涨,4112.919319475224,0.5804927797538518,0.625,0.0038035159217313375,True,已校准,300,platt,300,0
20260306,-0.0014475478800748491,下跌,4118.224031718283,0.5796472809544844,0.6333333333333333,-0.006690204195050176,True,已校准,300,platt,300,0
20260309,-0.002198709862071292,下跌,4087.5950601220056,0.5796958174686286,0.6333333333333333,0.006477489894491484,False,已校准,300,platt,300,0
20260310,0.0010482144003763736,上涨,4127.459932626339,0.5779123113467932,0.65,0.002496908907730022,True,已校准,300,platt,300,0
20260311,-0.0009487011109447228,下跌,4129.511707426014,0.5771364998897234,0.6583333333333333,-0.001047676325038438,True,已校准,300,platt,300,0
20260312,0.0015903154248603489,上涨,4135.669175555611,0.5772930072233232,0.6583333333333333,-0.008150463492963334,False,已校准,300,platt,300,0
20260313,0.0020108671661529113,上涨,4103.683902919321,0.576349106609885,0.6333333333333333,-0.002603548793251753,False,已校准,300,platt,300,0
20260316,0.00200199705279505,上涨,4092.9635291329,0.5771793731665625,0.625,-0.008538636224205476,False,已校准,300,platt,300,0
20260317,0.002468588956562101,上涨,4059.90485643588,0.5771865033959162,0.625,0.0032289874881827885,True,已校准,300,platt,300,0
20260318,0.0017713944639919715,上涨,4070.1815480734454,0.5805882497293016,0.625,-0.013889322341478882,False,已校准,300,platt,300,0
20260319,-0.002028357396848585,下跌,3998.4255800064343,0.5771930302790471,0.625,-0.012354662136820127,True,已校准,300,platt,300,0
20260320,0.003074151933269972,上涨,3969.2172812077565,0.5805970087757716,0.625,-0.03633254619024917,False,已校准,300,platt,300,0
20260323,0.00498623121794023,上涨,3832.296810238818,0.5814775162967822,0.6166666666666667,0.01783156450312151,True,已校准,300,platt,300,0
20260324,0.0034590043107618497,上涨,3894.7050632135724,0.5848543449814487,0.6166666666666667,0.01302606457349631,True,已校准,300,platt,300,0
20260325,-0.0019409825106255537,下跌,3924.2058721778785,0.5811477571103012,0.65,-0.010873796284815884,True,已校准,300,platt,300,0
20260326,-0.0027447019739068835,下跌,3878.4091248408618,0.5836055486620443,0.6583333333333333,0.006335760083320485,False,已校准,300,platt,300,0
20260327,0.003410106659463752,上涨,3927.0700155936825,0.5811069474001533,0.65,0.002443478510159469,True,已校准,300,platt,300,0
20260330,-0.00240112840779435,下跌,3913.8665843724825,0.5802338063533398,0.6583333333333333,-0.008010222245026344,True,已校准,300,platt,300,0
20260331,0.002767150661623097,上涨,3902.6298643575196,0.579452007904449,0.6666666666666666,0.014566709161338176,True,已校准,300,platt,300,0
20260401,0.0012459183919097216,上涨,3953.471673682804,0.5791495582940913,0.675,-0.007412058713876402,False,已校准,300,platt,300,0
20260402,-0.0025311259252885454,下跌,3909.36499562168,0.5796962296219303,0.6666666666666666,-0.009998889593439086,True,已校准,300,platt,300,0
20260403,0.0028791809713918162,上涨,3891.2682005858,0.583093239339085,0.6666666666666666,0.002594729146827568,True,已校准,300,platt,300,0
20260407,0.0013049941573454365,上涨,3895.241141943613,0.5832874143769193,0.6666666666666666,0.026948217742463143,True,已校准,300,platt,300,0
20260408,-0.0033302176333544187,下跌,3981.693288880293,0.5827242862170624,0.675,-0.0072155990085099875,True,已校准,300,platt,300,0
20260409,-0.001204666651872663,下跌,3961.3932858197422,0.5829887062470057,0.675,0.0050561357512757255,False,已校准,300,platt,300,0
20260410,0.001566821639195392,上涨,3992.470403118655,0.5801732688349098,0.6666666666666666,0.0005853408113194458,True,已校准,300,platt,300,0
20260413,-0.0012203530580558793,下跌,3983.6905510474667,0.5796650364678709,0.675,0.009544201187496881,False,已校准,300,platt,300,0
20260414,0.0017013285122210184,上涨,4033.4762129413184,0.579212505412315,0.6416666666666667,0.00014500975705322716,True,已校准,300,platt,300,0
20260415,-0.0014750324868918693,下跌,4021.2692351559804,0.5825190004751482,0.6416666666666667,0.007036460357972452,False,已校准,300,platt,300,0
20260416,0.0013873446227808787,上涨,4061.173241045416,0.5799776101205578,0.6333333333333333,-0.0010162378103983905,False,已校准,300,platt,300,0
20260417,-0.0009663587576831254,下跌,4047.5102695836104,0.5774033283317515,0.625,0.007577999585034911,False,已校准,300,platt,300,0
20260420,-0.0015013749186213764,下跌,4075.9982967574356,0.5804484259496006,0.5916666666666667,0.0007225399718691072,False,已校准,300,platt,300,0
20260421,-0.0011374589270268607,下跌,4080.429993153741,0.5747655875550726,0.6166666666666667,0.005185092490064935,False,已校准,300,platt,300,0
20260422,0.0014448829778011343,上涨,4112.191162431148,0.5713756541874315,0.6166666666666667,-0.003167847632373544,False,已校准,300,platt,300,0
20260423,-0.0018956574712321818,下跌,4085.490699866313,0.5727693540356048,0.6,-0.0032613936783388864,True,已校准,300,platt,300,0
20260424,-0.0013372653470468284,下跌,4074.4444905756777,0.5727927779223103,0.6,0.0015794013010710373,False,已校准,300,platt,300,0
20260427,-0.0008205450090079253,下跌,4082.9911706616012,0.5727182272047402,0.6,-0.0018859889482633063,True,已校准,300,platt,300,0
20260428,-0.000955345166008352,下跌,4074.740893476009,0.5672745950895983,0.6666666666666667,0.007080060610438199,False,已校准,300,platt,300,0
20260429,-0.0016309197104198622,下跌,4100.8153738042065,0.5670243629446878,0.6666666666666667,0.0011308298760925872,False,已校准,300,platt,300,0
20260430,-0.0005747922032482759,下跌,4109.795662895845,0.5674616855984015,0.625,0.011676201357277094,False,已校准,300,platt,300,0
20260506,0.0011583621491222205,上涨,4164.992687747854,0.5651537243402246,0.65,0.004787901043651122,True,已校准,300,platt,300,0
20260507,-0.0005439363734534955,下跌,4177.818495808031,0.569687904012283,0.6,-3.3444238383029123e-05,True,已校准,300,platt,300,0
20260508,-0.0009001466478348645,下跌,4176.18982985903,0.5723941382225946,0.6083333333333333,0.01078201273296786,False,已校准,300,platt,300,0
20260511,-0.0013445250044873817,下跌,4219.340054024374,0.5745659171745039,0.5454545454545454,-0.0024926741779041084,True,已校准,300,platt,300,0
20260512,0.0009540651028935808,上涨,4218.509996976835,0.5751344197017432,0.5454545454545454,0.006663417399750848,True,已校准,300,platt,300,0
20260513,-0.001740649726845772,下跌,4235.187168207077,0.5710488693121942,0.5909090909090908,-0.015239458517144922,True,已校准,300,platt,300,0
20260514,0.003281884794432591,上涨,4191.6289439156435,0.5745569984401442,0.5909090909090908,-0.010179257967635635,False,已校准,300,platt,300,0
20260515,-0.0026857632640430625,下跌,4124.282723066967,0.5791853079365268,0.5454545454545454,-0.0009338419255027208,True,已校准,300,platt,300,0
20260518,0.0011938357765774075,上涨,4136.459965460797,0.5781742384876166,0.5909090909090908,0.009200035357382008,True,已校准,300,platt,300,0
20260519,-0.001988601345763869,下跌,4161.246251519707,0.5815409128017968,0.5909090909090908,-0.0017635767686288162,True,已校准,300,platt,300,0
20260520,-0.0009552919602815261,下跌,4158.2083986099415,0.5795011743228876,0.6363636363636364,-0.020399864542285484,True,已校准,300,platt,300,0
20260521,0.004090756163494595,上涨,4093.955643972647,0.5882673199112496,0.5916666666666667,0.008736984111820778,True,已校准,300,platt,300,0
20260522,0.0019173755609902038,上涨,4120.785573177846,0.5906057862475123,0.6,0.009645020267453175,True,已校准,300,platt,300,0
20260525,-0.0012389301957824626,下跌,4147.423857371401,0.5909103730379385,0.625,-0.0017328070149160713,True,已校准,300,platt,300,0
20260526,-0.001873704431958453,下跌,4137.605796237779,0.5964089309142188,0.6083333333333333,-0.012458806481346674,True,已校准,300,platt,300,0
20260527,0.003146878977509087,上涨,4106.60906217721,0.5953163310786564,0.6166666666666667,0.0011992007477978905,True,已校准,300,platt,300,0
20260528,0.0022711801536531647,上涨,4107.944540286013,0.5953005954015481,0.6166666666666667,-0.007335782310787353,False,已校准,300,platt,300,0
20260529,0.0018295009902825647,上涨,4076.012551197484,0.5919716142627147,0.6166666666666667,-0.0026616482930080787,False,已校准,300,platt,300,0
20260601,0.0015213518924480306,上涨,4063.9132504280615,0.5918503299311332,0.6166666666666667,0.0042786378624555255,True,已校准,300,platt,300,0
20260602,0.0018209413738279492,上涨,4082.522121105992,0.595107991623502,0.6166666666666667,0.0021772217900040136,True,已校准,300,platt,300,0
20260603,-0.001607471645489624,下跌,4077.4091275940837,0.5951554334470648,0.6166666666666667,-0.006413581477257235,True,已校准,300,platt,300,0
20260604,0.0013835189840986021,上涨,4063.3951171851663,0.5941386132590618,0.625,-0.00740426830811558,False,已校准,300,platt,300,0
20260605,0.0022125751928980812,上涨,4036.6478691996576,0.5920141797981151,0.6166666666666667,-0.01698184702364569,False,已校准,300,platt,300,0
20260608,0.002617454949352161,上涨,3969.7011883207665,0.5917518656916438,0.6166666666666667,0.01280337838312251,True,已校准,300,platt,300,0
20260609,0.002174162661829141,上涨,4018.7491590207287,0.5917928372068378,0.6166666666666667,-0.004190716046138854,False,已校准,300,platt,300,0
20260610,-0.001646130155730825,下跌,3986.652430591978,0.5927408060198855,0.6083333333333333,-0.0015554091631883038,True,已校准,300,platt,300,0
20260611,0.0015013884551811412,上涨,3993.0007578412174,0.5961975450355677,0.6083333333333333,0.011160781524081065,True,已校准,300,platt,300,0
20260612,0.001983396966021408,上涨,4039.5089904543365,0.5928776117160857,0.6333333333333333,0.01611276005094764,True,已校准,300,platt,300,0
20260615,-0.0017850976128315895,下跌,4089.1590981472978,0.5950857283300457,0.6416666666666667,-0.0011180353082873573,True,已校准,300,platt,300,0
20260616,-0.0010089722718092796,下跌,4087.7630947354537,0.6018316639490348,0.6166666666666667,0.003955261083767203,False,已校准,300,platt,300,0
20260617,0.0013969063454684657,上涨,4113.814797711449,0.6018509384637767,0.6166666666666667,-0.004283002345477516,False,已校准,300,platt,300,0
20260618,0.0013940751697849025,上涨,4096.183738412799,0.5925326818512389,0.6833333333333333,0.017752238593536696,True,已校准,300,platt,300,0
20260622,0.0035920728593904234,上涨,4178.050645948672,0.5971969890559085,0.675,-0.013654451680377822,False,已校准,300,platt,300,0
20260623,-0.003171225149431204,下跌,4093.229851339065,0.6017397901397629,0.6416666666666667,0.0011109158262265773,False,已校准,300,platt,300,0
20260624,-0.0014128198815989334,下跌,4105.005561098937,0.6029748236119838,0.6333333333333333,0.002302999206921008,False,已校准,300,platt,300,0
20260625,0.0012611091067559,上涨,4125.47672338705,0.6042956847413433,0.625,-0.0225751129668208,False,已校准,300,platt,300,0
20260626,0.003019606174805569,上涨,4039.425553657657,0.6083658901652134,0.6,0.011580291417639055,True,已校准,300,platt,300,0
20260629,0.0028822568807796273,上涨,4085.6437312064445,0.608349669400629,0.6,0.005030926494863586,True,已校准,300,platt,300,0
20260630,0.001598235151257672,上涨,4100.941009528251,0.611432522269272,0.6,0.004407999302070698,True,已校准,300,platt,300,0
20260701,-0.001961659561230748,下跌,4104.378082357217,0.6009761280186348,0.6666666666666667,-0.020314312752074848,True,已校准,300,platt,300,0
20260702,-0.0029277839768025076,下跌,4017.1080400102815,0.6009761280186348,0.6666666666666667,0.003658414479889016,False,已校准,300,platt,300,0
20260703,-0.0017280025426279926,下跌,4036.6557742689197,0.5976547189851296,0.6666666666666667,-0.0005947606851168796,True,已校准,300,platt,300,0
20260706,-0.0020268216524770917,下跌,4033.0473309134222,0.5877757163671347,0.7333333333333334,-0.012620612167825174,True,已校准,300,platt,300,0
20260707,-0.0021333350099356756,下跌,3981.7227913366287,0.5797750596684677,0.8,-0.004850741508902967,True,已校准,300,platt,300,0
20260708,-0.001876526927687588,下跌,3963.428237316342,0.5752852368558198,0.8666666666666667,0.016547517166032533,False,已校准,300,platt,300,0
20260709,0.003907883409486136,上涨,4052.3624148853423,0.575182119483413,0.8,-0.010014968335013807,False,已校准,300,platt,300,0
20260710,-0.0027543233156114007,下跌,3985.1548789321687,0.5799947483755477,0.7333333333333334,-0.020611678967136893,True,已校准,300,platt,300,0
20260713,-0.003174378843465446,下跌,3901.3701351287177,0.5706944308598649,0.8,0.01362672639387763,False,已校准,300,platt,300,0
20260714,0.003456757788292021,上涨,3980.8395943889873,0.5951529571327598,0.625,-0.0029109484845730726,False,已校准,300,platt,300,0
20260715,0.0012483145885220045,上涨,3960.5159058482686,0.5966400236395077,0.6166666666666667,-0.018496790646100547,False,已校准,300,platt,300,0
20260716,-0.0024502223371736407,下跌,3872.899825925356,0.5729989556500217,0.7333333333333334,-0.030459900114686467,True,已校准,300,platt,300,0
20260717,-0.0043030609110284645,下跌,3747.957313047366,0.5742266833578765,0.7333333333333334,0.008534904264163146,False,已校准,300,platt,300,0
20260720,-0.0030419079101190343,下跌,3784.733461580302,0.584516296931085,0.6666666666666667,0.01793484013066049,False,已校准,300,platt,300,0
20260721,0.003989395718897043,上涨,3879.7835895649864,0.5930445195956486,0.6,0.0006900224360155693,True,已校准,300,platt,300,0
20260722,0.0014173526548243093,上涨,3872.5145503392546,0.5930662173291528,0.6,0.002519709164150896,True,已校准,300,platt,300,0
20260723,-0.0008504423168815831,下跌,3873.4804244459096,0.5967785207905048,0.6,-0.01614217004050844,True,已校准,300,platt,300,0
20260724,0.0017381401611475215,上涨,3820.8274103787408,0.5874061986171489,0.6666666666666667,0.011548221227540845,True,已校准,300,platt,300,0
20260727,-0.002178264344921474,下跌,3849.8407224825282,0.5876671326605728,0.6666666666666667,-0.011645294687092078,True,已校准,300,platt,300,0
20260728,-0.0016313148050910071,下跌,3807.09388343655,0.5878996702181103,0.6666666666666667,0.003974075467048976,False,已校准,300,platt,300,0
20260729,-0.0021407446821868,下跌,3820.2732253473328,0.5966704051343898,0.6,-0.006210419883248441,True,已校准,300,platt,300,0
20260730,-0.002508056109105734,下跌,3795.1502174813004,0.5876654923065356,0.6666666666666667,0.007246262155318428,False,已校准,300,platt,300,0
20260731,-0.0008142009583802848,下跌,3829.1421682811556,0.5841284053569247,0.6666666666666667,-0.005897169254380996,True,已校准,300,platt,300,0
20260803,-0.0010214408011991224,下跌,3805.7715548751253,0.5877524909944916,0.6666666666666667,0.0033130752854799717,False,已校准,300,platt,300,0
20260804,-0.0011003067638849224,下跌,3818.078914401127,0.5843015116501018,0.6666666666666666,0.01468885911844442,False,已校准,300,platt,300,0
20260805,0.002254649716694982,上涨,3887.1741001988617,0.5843015116501018,0.6666666666666667,0.005652468205172623,True,已校准,300,platt,300,0
20260806,-0.0012567566776272754,下跌,3895.450506201876,0.5844507226188647,0.6666666666666667,0.010174670631676097,False,已校准,300,platt,300,0
20260807,0.0018260343459233568,上涨,3947.231743068812,0.5937221520371467,0.6,0.006740139578888638,True,已校准,300,platt,300,0
20260810,-0.0010200006005026462,下跌,3962.54757224805,0.5842847733750959,0.6666666666666667,-0.008193579705104592,True,已校准,300,platt,300,0
20260811,-0.0012809092771002722,下跌,3929.053683907416,0.5716859609927911,0.7333333333333334,0.0031982722116197237,False,已校准,300,platt,300,0
20260812,-0.0007631845199726924,下跌,3943.663158582,0.5841321729057474,0.6666666666666667,-0.004994178390965609,True,已校准,300,platt,300,0
20260813,-0.0014586173833152356,下跌,3921.2368608790534,0.5842995153436426,0.6666666666666667,5.3883854522762675e-05,False,已校准,300,platt,300,0
20260814,-0.0009628106244643504,下跌,3923.395272837934,0.5974533564358714,0.6,0.014126459916595557,False,已校准,300,platt,300,0
20260817,0.0019369042387134667,上涨,3990.3675184454764,0.5937550584403167,0.6,0.0019208801368233441,True,已校准,300,platt,300,0
20260818,-0.001249869197945089,下跌,3985.3163423149235,0.5973463355138393,0.6,-0.02402857206081832,True,已校准,300,platt,300,0
20260819,0.002711348816903312,上涨,3904.9815375667613,0.5973463355138393,0.6,0.002387671147331183,True,已校准,300,platt,300,0
20260820,0.0012000941614675928,上涨,3908.4058327800985,0.5957401106323927,0.6083333333333333,0.00037953532027512615,True,已校准,300,platt,300,0
20260821,0.000918551032006053,上涨,3908.7897278784226,0.5990869050046266,0.6083333333333333,-0.005939435767045698,False,已校准,300,platt,300,0
20260824,0.001789339174019539,上涨,3888.9541288093237,0.5924143168059143,0.625,0.0019157611709135214,True,已校准,300,platt,300,0
20260825,0.0014957676886466712,上涨,3895.2626060081916,0.5990076053296279,0.6083333333333333,0.005933648783660539,True,已校准,300,platt,300,0
20260826,0.0014698366215929683,上涨,3918.2742703231434,0.5973646297823896,0.6166666666666667,0.011258079344443672,True,已校准,300,platt,300,0
20260827,0.0015793630104007773,上涨,3962.8198618854244,0.5973613004589078,0.6166666666666667,-0.0011100521133071695,False,已校准,300,platt,300,0
20260828,0.0007287085214933805,上涨,3955.058986515767,0.5907955362024907,0.6333333333333333,0.008632959185300049,True,已校准,300,platt,300,0
20260831,0.0019379224566332311,上涨,3994.023136413032,0.5972952525185058,0.6166666666666667,-0.0016080834899948604,False,已校准,300,platt,300,0
20260901,0.0006007859616178467,上涨,3982.2787606589764,0.5892102553758196,0.6416666666666667,-0.009674016681425535,False,已校准,300,platt,300,0
20260902,0.001090849951183779,上涨,3945.685660943866,0.5858023072210115,0.6416666666666667,0.0001780338095263012,True,已校准,300,platt,300,0
20260903,0.0012009651265284884,上涨,3946.82221009361,0.5842530315478203,0.65,-0.0030368424813662642,False,已校准,300,platt,300,0
20260904,0.002115281924697445,上涨,3938.429704182877,0.5824887273801501,0.6416666666666667,0.0006571815531977165,True,已校准,300,platt,300,0
20260907,0.0010180585983836246,上涨,3936.7029182354167,0.5842835014660321,0.65,0.001996516794368741,True,已校准,300,platt,300,0
20260908,0.000814702163459339,上涨,3943.7612753434514,0.584321503257827,0.65,0.002780296531634585,True,已校准,300,platt,300,0
20260909,-0.0007806403291711307,下跌,3948.4220944309263,0.5877052603564898,0.65,-0.004328272951472645,True,已校准,300,platt,300,0
20260910,0.0006986377024565706,上涨,3937.1523226916406,0.5911156865757132,0.65,-0.011766205175290145,False,已校准,300,platt,300,0
20260911,0.00188456940868945,上涨,3895.4380142943614,0.5877687665345377,0.65,-0.0007144344093503729,False,已校准,300,platt,300,0
20260914,0.0008385708922473398,上涨,3888.5909269927743,0.5844606971876554,0.65,-0.005418686399270678,False,已校准,300,platt,300,0
