trade_date,close
20191216,3191.4499999999998
20191217,3192.52
20191218,3191.1399999999999
20191219,3205.3699999999999
20191220,3221.2199999999998
20191223,3224.0100000000002
20191224,3223.3800000000001
20191226,3239.9099999999999
20191227,3240.02
20191230,3221.29
20191231,3230.7800000000002
20200102,3257.8499999999999
20200103,3234.8499999999999
20200106,3246.2800000000002
20200107,3237.1799999999998
20200108,3253.0500000000002
20200109,3274.6999999999998
20200110,3265.3499999999999
20200113,3288.1300000000001
20200114,3283.1500000000001
20200115,3289.29
20200116,3316.8099999999999
20200117,3329.6199999999999
20200121,3320.79
20200122,3321.75
20200123,3325.54
20200124,3295.4699999999998
20200127,3243.6300000000001
20200128,3276.2399999999998
20200129,3273.4000000000001
20200130,3283.6599999999999
20200131,3225.52
20200203,3248.9200000000001
20200204,3297.5900000000001
20200205,3334.6900000000001
20200206,3345.7800000000002
20200207,3327.71
20200210,3352.0900000000001
20200211,3357.75
20200212,3379.4499999999998
20200213,3373.9400000000001
20200214,3380.1599999999999
20200218,3370.29
20200219,3386.1500000000001
20200220,3373.23
20200221,3337.75
20200224,3225.8899999999999
20200225,3128.21
20200226,3116.3899999999999
20200227,2978.7600000000002
20200228,2954.2199999999998
20200302,3090.23
20200303,3003.3699999999999
20200304,3130.1199999999999
20200305,3023.9400000000001
20200306,2972.3699999999999
20200309,2746.5599999999999
20200310,2882.23
20200311,2741.3800000000001
20200312,2480.6399999999999
20200313,2711.02
20200316,2386.1300000000001
20200317,2529.1900000000001
20200318,2398.0999999999999
20200319,2409.3899999999999
20200320,2304.9200000000001
20200323,2237.4000000000001
20200324,2447.3299999999999
20200325,2475.5599999999999
20200326,2630.0700000000002
20200327,2541.4699999999998
20200330,2626.6500000000001
20200331,2584.5900000000001
20200401,2470.5
20200402,2526.9000000000001
20200403,2488.6500000000001
20200406,2663.6799999999998
20200407,2659.4099999999999
20200408,2749.98
20200409,2789.8200000000002
20200413,2761.6300000000001
20200414,2846.0599999999999
20200415,2783.3600000000001
20200416,2799.5500000000002
20200417,2874.5599999999999
20200420,2823.1599999999999
20200421,2736.5599999999999
20200422,2799.3099999999999
20200423,2797.8000000000002
20200424,2836.7399999999998
20200427,2878.48
20200428,2863.3899999999999
20200429,2939.5100000000002
20200430,2912.4299999999998
20200501,2830.71
20200504,2842.7399999999998
20200505,2868.4400000000001
20200506,2848.4200000000001
20200507,2881.1900000000001
20200508,2929.8000000000002
20200511,2930.3200000000002
20200512,2870.1199999999999
20200513,2820
20200514,2852.5
20200515,2863.6999999999998
20200518,2953.9099999999999
20200519,2922.9400000000001
20200520,2971.6100000000001
20200521,2948.5100000000002
20200522,2955.4499999999998
20200526,2991.77
20200527,3036.1300000000001
20200528,3029.73
20200529,3044.3099999999999
20200601,3055.73
20200602,3080.8200000000002
20200603,3122.8699999999999
20200604,3112.3499999999999
20200605,3193.9299999999998
20200608,3232.3899999999999
20200609,3207.1799999999998
20200610,3190.1399999999999
20200611,3002.0999999999999
20200612,3041.3099999999999
20200615,3066.5900000000001
20200616,3124.7399999999998
20200617,3113.4899999999998
20200618,3115.3400000000001
20200619,3097.7399999999998
20200622,3117.8600000000001
20200623,3131.29
20200624,3050.3299999999999
20200625,3083.7600000000002
20200626,3009.0500000000002
20200629,3053.2399999999998
20200630,3100.29
20200701,3115.8600000000001
20200702,3130.0100000000002
20200706,3179.7199999999998
20200707,3145.3200000000002
20200708,3169.9400000000001
20200709,3152.0500000000002
20200710,3185.04
20200713,3155.2199999999998
20200714,3197.52
20200715,3226.5599999999999
20200716,3215.5700000000002
20200717,3224.73
20200720,3251.8400000000001
20200721,3257.3000000000002
20200722,3276.02
20200723,3235.6599999999999
20200724,3215.6300000000001
20200727,3239.4099999999999
20200728,3218.4400000000001
20200729,3258.4400000000001
20200730,3246.2199999999998
20200731,3271.1199999999999
20200803,3294.6100000000001
20200804,3306.5100000000002
20200805,3327.77
20200806,3349.1599999999999
20200807,3351.2800000000002
20200810,3360.4699999999998
20200811,3333.6900000000001
20200812,3380.3499999999999
20200813,3373.4299999999998
20200814,3372.8499999999999
20200817,3381.9899999999998
20200818,3389.7800000000002
20200819,3374.8499999999999
20200820,3385.5100000000002
20200821,3397.1599999999999
20200824,3431.2800000000002
20200825,3443.6199999999999
20200826,3478.73
20200827,3484.5500000000002
20200828,3508.0100000000002
20200831,3500.3099999999999
20200901,3526.6500000000001
20200902,3580.8400000000001
20200903,3455.0599999999999
20200904,3426.96
20200908,3331.8400000000001
20200909,3398.96
20200910,3339.1900000000001
20200911,3340.9699999999998
20200914,3383.54
20200915,3401.1999999999998
20200916,3385.4899999999998
20200917,3357.0100000000002
20200918,3319.4699999999998
20200921,3281.0599999999999
20200922,3315.5700000000002
20200923,3236.9200000000001
20200924,3246.5900000000001
20200925,3298.46
20200928,3351.5999999999999
20200929,3335.4699999999998
20200930,3363
20201001,3380.8000000000002
20201002,3348.4400000000001
20201005,3408.6300000000001
20201006,3360.9499999999998
20201007,3419.4499999999998
20201008,3446.8299999999999
20201009,3477.1300000000001
20201012,3534.2199999999998
20201013,3511.9299999999998
20201014,3488.6700000000001
20201015,3483.3400000000001
20201016,3483.8099999999999
20201019,3426.9200000000001
20201020,3443.1199999999999
20201021,3435.5599999999999
20201022,3453.4899999999998
20201023,3465.3899999999999
20201026,3400.9699999999998
20201027,3390.6799999999998
20201028,3271.0300000000002
20201029,3310.1100000000001
20201030,3269.96
20201102,3310.2399999999998
20201103,3369.1599999999999
20201104,3443.4400000000001
20201105,3510.4499999999998
20201106,3509.4400000000001
20201109,3550.5
20201110,3545.5300000000002
20201111,3572.6599999999999
20201112,3537.0100000000002
20201113,3585.1500000000001
20201116,3626.9099999999999
20201117,3609.5300000000002
20201118,3567.79
20201119,3581.8699999999999
20201120,3557.54
20201123,3577.5900000000001
20201124,3635.4099999999999
20201125,3629.6500000000001
20201127,3638.3499999999999
20201130,3621.6300000000001
20201201,3662.4499999999998
20201202,3669.0100000000002
20201203,3666.7199999999998
20201204,3699.1199999999999
20201207,3691.96
20201208,3702.25
20201209,3672.8200000000002
20201210,3668.0999999999999
20201211,3663.46
20201214,3647.4899999999998
20201215,3694.6199999999999
20201216,3701.1700000000001
20201217,3722.48
20201218,3709.4099999999999
20201221,3694.9200000000001
20201222,3687.2600000000002
20201223,3690.0100000000002
20201224,3703.0599999999999
20201228,3735.3600000000001
20201229,3727.04
20201230,3732.04
20201231,3756.0700000000002
20210104,3700.6500000000001
20210105,3726.8600000000001
20210106,3748.1399999999999
20210107,3803.79
20210108,3824.6799999999998
20210111,3799.6100000000001
20210112,3801.1900000000001
20210113,3809.8400000000001
20210114,3795.54
20210115,3768.25
20210119,3798.9099999999999
20210120,3851.8499999999999
20210121,3853.0700000000002
20210122,3841.4699999999998
20210125,3855.3600000000001
20210126,3849.6199999999999
20210127,3750.77
20210128,3787.3800000000001
20210129,3714.2399999999998
20210201,3773.8600000000001
20210202,3826.3099999999999
20210203,3830.1700000000001
20210204,3871.7399999999998
20210205,3886.8299999999999
20210208,3915.5900000000001
20210209,3911.23
20210210,3909.8800000000001
20210211,3916.3800000000001
20210212,3934.8299999999999
20210216,3932.5900000000001
20210217,3931.3299999999999
20210218,3913.9699999999998
20210219,3906.71
20210222,3876.5
20210223,3881.3699999999999
20210224,3925.4299999999998
20210225,3829.3400000000001
20210226,3811.1500000000001
20210301,3901.8200000000002
20210302,3870.29
20210303,3819.7199999999998
20210304,3768.4699999999998
20210305,3841.9400000000001
20210308,3821.3499999999999
20210309,3875.4400000000001
20210310,3898.8099999999999
20210311,3939.3400000000001
20210312,3943.3400000000001
20210315,3968.9400000000001
20210316,3962.71
20210317,3974.1199999999999
20210318,3915.46
20210319,3913.0999999999999
20210322,3940.5900000000001
20210323,3910.52
20210324,3889.1399999999999
20210325,3909.52
20210326,3974.54
20210329,3971.0900000000001
20210330,3958.5500000000002
20210331,3972.8899999999999
20210401,4019.8699999999999
20210405,4077.9099999999999
20210406,4073.9400000000001
20210407,4079.9499999999998
20210408,4097.1700000000001
20210409,4128.8000000000002
20210412,4127.9899999999998
20210413,4141.5900000000001
20210414,4124.6599999999999
20210415,4170.4200000000001
20210416,4185.4700000000003
20210419,4163.2600000000002
20210420,4134.9399999999996
20210421,4173.4200000000001
20210422,4134.9799999999996
20210423,4180.1700000000001
20210426,4187.6199999999999
20210427,4186.7200000000003
20210428,4183.1800000000003
20210429,4211.4700000000003
20210430,4181.1700000000001
20210503,4192.6599999999999
20210504,4164.6599999999999
20210505,4167.5900000000001
20210506,4201.6199999999999
20210507,4232.6000000000004
20210510,4188.4300000000003
20210511,4152.1000000000004
20210512,4063.04
20210513,4112.5
20210514,4173.8500000000004
20210517,4163.29
20210518,4127.8299999999999
20210519,4115.6800000000003
20210520,4159.1199999999999
20210521,4155.8599999999997
20210524,4197.0500000000002
20210525,4188.1300000000001
20210526,4195.9899999999998
20210527,4200.8800000000001
20210528,4204.1099999999997
20210601,4202.04
20210602,4208.1199999999999
20210603,4192.8500000000004
20210604,4229.8900000000003
20210607,4226.5200000000004
20210608,4227.2600000000002
20210609,4219.5500000000002
20210610,4239.1800000000003
20210611,4247.4399999999996
20210614,4255.1499999999996
20210615,4246.5900000000001
20210616,4223.6999999999998
20210617,4221.8599999999997
20210618,4166.4499999999998
20210621,4224.79
20210622,4246.4399999999996
20210623,4241.8400000000001
20210624,4266.4899999999998
20210625,4280.6999999999998
20210628,4290.6099999999997
20210629,4291.8000000000002
20210630,4297.5
20210701,4319.9399999999996
20210702,4352.3400000000001
20210706,4343.54
20210707,4358.1300000000001
20210708,4320.8199999999997
20210709,4369.5500000000002
20210712,4384.6300000000001
20210713,4369.21
20210714,4374.3000000000002
20210715,4360.0299999999997
20210716,4327.1599999999999
20210719,4258.4899999999998
20210720,4323.0600000000004
20210721,4358.6899999999996
20210722,4367.4799999999996
20210723,4411.79
20210726,4422.3000000000002
20210727,4401.46
20210728,4400.6400000000003
20210729,4419.1499999999996
20210730,4395.2600000000002
20210802,4387.1599999999999
20210803,4423.1499999999996
20210804,4402.6599999999999
20210805,4429.1000000000004
20210806,4436.5200000000004
20210809,4432.3500000000004
20210810,4436.75
20210811,4447.6999999999998
20210812,4460.8299999999999
20210813,4468
20210816,4479.71
20210817,4448.0799999999999
20210818,4400.2700000000004
20210819,4405.8000000000002
20210820,4441.6700000000001
20210823,4479.5299999999997
20210824,4486.2299999999996
20210825,4496.1899999999996
20210826,4470
20210827,4509.3699999999999
20210830,4528.79
20210831,4522.6800000000003
20210901,4524.0900000000001
20210902,4536.9499999999998
20210903,4535.4300000000003
20210907,4520.0299999999997
20210908,4514.0699999999997
20210909,4493.2799999999997
20210910,4458.5799999999999
20210913,4468.7299999999996
20210914,4443.0500000000002
20210915,4480.6999999999998
20210916,4473.75
20210917,4432.9899999999998
20210920,4357.7299999999996
20210921,4354.1899999999996
20210922,4395.6400000000003
20210923,4448.9799999999996
20210924,4455.4799999999996
20210927,4443.1099999999997
20210928,4352.6300000000001
20210929,4359.46
20210930,4307.54
20211001,4357.04
20211004,4300.46
20211005,4345.7200000000003
20211006,4363.5500000000002
20211007,4399.7600000000002
20211008,4391.3400000000001
20211011,4361.1899999999996
20211012,4350.6499999999996
20211013,4363.8000000000002
20211014,4438.2600000000002
20211015,4471.3699999999999
20211018,4486.46
20211019,4519.6300000000001
20211020,4536.1899999999996
20211021,4549.7799999999997
20211022,4544.8999999999996
20211025,4566.4799999999996
20211026,4574.79
20211027,4551.6800000000003
20211028,4596.4200000000001
20211029,4605.3800000000001
20211101,4613.6700000000001
20211102,4630.6499999999996
20211103,4660.5699999999997
20211104,4680.0600000000004
20211105,4697.5299999999997
20211108,4701.6999999999998
20211109,4685.25
20211110,4646.71
20211111,4649.2700000000004
20211112,4682.8500000000004
20211115,4682.8000000000002
20211116,4700.8999999999996
20211117,4688.6700000000001
20211118,4704.54
20211119,4697.96
20211122,4682.9399999999996
20211123,4690.6999999999998
20211124,4701.46
20211126,4594.6199999999999
20211129,4655.2700000000004
20211130,4567
20211201,4513.04
20211202,4577.1000000000004
20211203,4538.4300000000003
20211206,4591.6700000000001
20211207,4686.75
20211208,4701.21
20211209,4667.4499999999998
20211210,4712.0200000000004
20211213,4668.9700000000003
20211214,4634.0900000000001
20211215,4709.8500000000004
20211216,4668.6700000000001
20211217,4620.6400000000003
20211220,4568.0200000000004
20211221,4649.2299999999996
20211222,4696.5600000000004
20211223,4725.79
20211227,4791.1899999999996
20211228,4786.3500000000004
20211229,4793.0600000000004
20211230,4778.7299999999996
20211231,4766.1800000000003
20220103,4796.5600000000004
20220104,4793.54
20220105,4700.5799999999999
20220106,4696.0500000000002
20220107,4677.0299999999997
20220110,4670.29
20220111,4713.0699999999997
20220112,4726.3500000000004
20220113,4659.0299999999997
20220114,4662.8500000000004
20220118,4577.1099999999997
20220119,4532.7600000000002
20220120,4482.7299999999996
20220121,4397.9399999999996
20220124,4410.1300000000001
20220125,4356.4499999999998
20220126,4349.9300000000003
20220127,4326.5100000000002
20220128,4431.8500000000004
20220131,4515.5500000000002
20220201,4546.54
20220202,4589.3800000000001
20220203,4477.4399999999996
20220204,4500.5299999999997
20220207,4483.8699999999999
20220208,4521.54
20220209,4587.1800000000003
20220210,4504.0799999999999
20220211,4418.6400000000003
20220214,4401.6700000000001
20220215,4471.0699999999997
20220216,4475.0100000000002
20220217,4380.2600000000002
20220218,4348.8699999999999
20220222,4304.7600000000002
20220223,4225.5
20220224,4288.6999999999998
20220225,4384.6499999999996
20220228,4373.9399999999996
20220301,4306.2600000000002
20220302,4386.54
20220303,4363.4899999999998
20220304,4328.8699999999999
20220307,4201.0900000000001
20220308,4170.6999999999998
20220309,4277.8800000000001
20220310,4259.5200000000004
20220311,4204.3100000000004
20220314,4173.1099999999997
20220315,4262.4499999999998
20220316,4357.8599999999997
20220317,4411.6700000000001
20220318,4463.1199999999999
20220321,4461.1800000000003
20220322,4511.6099999999997
20220323,4456.2399999999998
20220324,4520.1599999999999
20220325,4543.0600000000004
20220328,4575.5200000000004
20220329,4631.6000000000004
20220330,4602.4499999999998
20220331,4530.4099999999999
20220401,4545.8599999999997
20220404,4582.6400000000003
20220405,4525.1199999999999
20220406,4481.1499999999996
20220407,4500.21
20220408,4488.2799999999997
20220411,4412.5299999999997
20220412,4397.4499999999998
20220413,4446.5900000000001
20220414,4392.5900000000001
20220418,4391.6899999999996
20220419,4462.21
20220420,4459.4499999999998
20220421,4393.6599999999999
20220422,4271.7799999999997
20220425,4296.1199999999999
20220426,4175.1999999999998
20220427,4183.96
20220428,4287.5
20220429,4131.9300000000003
20220502,4155.3800000000001
20220503,4175.4799999999996
20220504,4300.1700000000001
20220505,4146.8699999999999
20220506,4123.3400000000001
20220509,3991.2399999999998
20220510,4001.0500000000002
20220511,3935.1799999999998
20220512,3930.0799999999999
20220513,4023.8899999999999
20220516,4008.0100000000002
20220517,4088.8499999999999
20220518,3923.6799999999998
20220519,3900.79
20220520,3901.3600000000001
20220523,3973.75
20220524,3941.48
20220525,3978.73
20220526,4057.8400000000001
20220527,4158.2399999999998
20220531,4132.1499999999996
20220601,4101.2299999999996
20220602,4176.8199999999997
20220603,4108.54
20220606,4121.4300000000003
20220607,4160.6800000000003
20220608,4115.7700000000004
20220609,4017.8200000000002
20220610,3900.8600000000001
20220613,3749.6300000000001
20220614,3735.48
20220615,3789.9899999999998
20220616,3666.77
20220617,3674.8400000000001
20220621,3764.79
20220622,3759.8899999999999
20220623,3795.73
20220624,3911.7399999999998
20220627,3900.1100000000001
20220628,3821.5500000000002
20220629,3818.8299999999999
20220630,3785.3800000000001
20220701,3825.3299999999999
20220705,3831.3899999999999
20220706,3845.0799999999999
20220707,3902.6199999999999
20220708,3899.3800000000001
20220711,3854.4299999999998
20220712,3818.8000000000002
20220713,3801.7800000000002
20220714,3790.3800000000001
20220715,3863.1599999999999
20220718,3830.8499999999999
20220719,3936.6900000000001
20220720,3959.9000000000001
20220721,3998.9499999999998
20220722,3961.6300000000001
20220725,3966.8400000000001
20220726,3921.0500000000002
20220727,4023.6100000000001
20220728,4072.4299999999998
20220729,4130.29
20220801,4118.6300000000001
20220802,4091.1900000000001
20220803,4155.1700000000001
20220804,4151.9399999999996
20220805,4145.1899999999996
20220808,4140.0600000000004
20220809,4122.4700000000003
20220810,4210.2399999999998
20220811,4207.2700000000004
20220812,4280.1499999999996
20220815,4297.1400000000003
20220816,4305.1999999999998
20220817,4274.04
20220818,4283.7399999999998
20220819,4228.4799999999996
20220822,4137.9899999999998
20220823,4128.7299999999996
20220824,4140.7700000000004
20220825,4199.1199999999999
20220826,4057.6599999999999
20220829,4030.6100000000001
20220830,3986.1599999999999
20220831,3955
20220901,3966.8499999999999
20220902,3924.2600000000002
20220906,3908.1900000000001
20220907,3979.8699999999999
20220908,4006.1799999999998
20220909,4067.3600000000001
20220912,4110.4099999999999
20220913,3932.6900000000001
20220914,3946.0100000000002
20220915,3901.3499999999999
20220916,3873.3299999999999
20220919,3899.8899999999999
20220920,3855.9299999999998
20220921,3789.9299999999998
20220922,3757.9899999999998
20220923,3693.23
20220926,3655.04
20220927,3647.29
20220928,3719.04
20220929,3640.4699999999998
20220930,3585.6199999999999
20221003,3678.4299999999998
20221004,3790.9299999999998
20221005,3783.2800000000002
20221006,3744.52
20221007,3639.6599999999999
20221010,3612.3899999999999
20221011,3588.8400000000001
20221012,3577.0300000000002
20221013,3669.9099999999999
20221014,3583.0700000000002
20221017,3677.9499999999998
20221018,3719.98
20221019,3695.1599999999999
20221020,3665.7800000000002
20221021,3752.75
20221024,3797.3400000000001
20221025,3859.1100000000001
20221026,3830.5999999999999
20221027,3807.3000000000002
20221028,3901.0599999999999
20221031,3871.98
20221101,3856.0999999999999
20221102,3759.6900000000001
20221103,3719.8899999999999
20221104,3770.5500000000002
20221107,3806.8000000000002
20221108,3828.1100000000001
20221109,3748.5700000000002
20221110,3956.3699999999999
20221111,3992.9299999999998
20221114,3957.25
20221115,3991.73
20221116,3958.79
20221117,3946.5599999999999
20221118,3965.3400000000001
20221121,3949.9400000000001
20221122,4003.5799999999999
20221123,4027.2600000000002
20221125,4026.1199999999999
20221128,3963.9400000000001
20221129,3957.6300000000001
20221130,4080.1100000000001
20221201,4076.5700000000002
20221202,4071.6999999999998
20221205,3998.8400000000001
20221206,3941.2600000000002
20221207,3933.9200000000001
20221208,3963.5100000000002
20221209,3934.3800000000001
20221212,3990.5599999999999
20221213,4019.6500000000001
20221214,3995.3200000000002
20221215,3895.75
20221216,3852.3600000000001
20221219,3817.6599999999999
20221220,3821.6199999999999
20221221,3878.4400000000001
20221222,3822.3899999999999
20221223,3844.8200000000002
20221227,3829.25
20221228,3783.2199999999998
20221229,3849.2800000000002
20221230,3839.5
20230103,3824.1399999999999
20230104,3852.9699999999998
20230105,3808.0999999999999
20230106,3895.0799999999999
20230109,3892.0900000000001
20230110,3919.25
20230111,3969.6100000000001
20230112,3983.1700000000001
20230113,3999.0900000000001
20230117,3990.9699999999998
20230118,3928.8600000000001
20230119,3898.8499999999999
20230120,3972.6100000000001
20230123,4019.8099999999999
20230124,4016.9499999999998
20230125,4016.2199999999998
20230126,4060.4299999999998
20230127,4070.5599999999999
20230130,4017.77
20230131,4076.5999999999999
20230201,4119.21
20230202,4179.7600000000002
20230203,4136.4799999999996
20230206,4111.0799999999999
20230207,4164
20230208,4117.8599999999997
20230209,4081.5
20230210,4090.46
20230213,4137.29
20230214,4136.1300000000001
20230215,4147.6000000000004
20230216,4090.4099999999999
20230217,4079.0900000000001
20230221,3997.3400000000001
20230222,3991.0500000000002
20230223,4012.3200000000002
20230224,3970.04
20230227,3982.2399999999998
20230228,3970.1500000000001
20230301,3951.3899999999999
20230302,3981.3499999999999
20230303,4045.6399999999999
20230306,4048.4200000000001
20230307,3986.3699999999999
20230308,3992.0100000000002
20230309,3918.3200000000002
20230310,3861.5900000000001
20230313,3855.7600000000002
20230314,3919.29
20230315,3891.9299999999998
20230316,3960.2800000000002
20230317,3916.6399999999999
20230320,3951.5700000000002
20230321,4002.8699999999999
20230322,3936.9699999999998
20230323,3948.7199999999998
20230324,3970.9899999999998
20230327,3977.5300000000002
20230328,3971.27
20230329,4027.8099999999999
20230330,4050.8299999999999
20230331,4109.3100000000004
20230403,4124.5100000000002
20230404,4100.6000000000004
20230405,4090.3800000000001
20230406,4105.0200000000004
20230410,4109.1099999999997
20230411,4108.9399999999996
20230412,4091.9499999999998
20230413,4146.2200000000003
20230414,4137.6400000000003
20230417,4151.3199999999997
20230418,4154.8699999999999
20230419,4154.5200000000004
20230420,4129.79
20230421,4133.5200000000004
20230424,4137.04
20230425,4071.6300000000001
20230426,4055.9899999999998
20230427,4135.3500000000004
20230428,4169.4799999999996
20230501,4167.8699999999999
20230502,4119.5799999999999
20230503,4090.75
20230504,4061.2199999999998
20230505,4136.25
20230508,4138.1199999999999
20230509,4119.1700000000001
20230510,4137.6400000000003
20230511,4130.6199999999999
20230512,4124.0799999999999
20230515,4136.2799999999997
20230516,4109.8999999999996
20230517,4158.7700000000004
20230518,4198.0500000000002
20230519,4191.9799999999996
20230522,4192.6300000000001
20230523,4145.5799999999999
20230524,4115.2399999999998
20230525,4151.2799999999997
20230526,4205.4499999999998
20230530,4205.5200000000004
20230531,4179.8299999999999
20230601,4221.0200000000004
20230602,4282.3699999999999
20230605,4273.79
20230606,4283.8500000000004
20230607,4267.5200000000004
20230608,4293.9300000000003
20230609,4298.8599999999997
20230612,4338.9300000000003
20230613,4369.0100000000002
20230614,4372.5900000000001
20230615,4425.8400000000001
20230616,4409.5900000000001
20230620,4388.71
20230621,4365.6899999999996
20230622,4381.8900000000003
20230623,4348.3299999999999
20230626,4328.8199999999997
20230627,4378.4099999999999
20230628,4376.8599999999997
20230629,4396.4399999999996
20230630,4450.3800000000001
20230703,4455.5900000000001
20230705,4446.8199999999997
20230706,4411.5900000000001
20230707,4398.9499999999998
20230710,4409.5299999999997
20230711,4439.2600000000002
20230712,4472.1599999999999
20230713,4510.04
20230714,4505.4200000000001
20230717,4522.79
20230718,4554.9799999999996
20230719,4565.7200000000003
20230720,4534.8699999999999
20230721,4536.3400000000001
20230724,4554.6400000000003
20230725,4567.46
20230726,4566.75
20230727,4537.4099999999999
20230728,4582.2299999999996
20230731,4588.96
20230801,4576.7299999999996
20230802,4513.3900000000003
20230803,4501.8900000000003
20230804,4478.0299999999997
20230807,4518.4399999999996
20230808,4499.3800000000001
20230809,4467.71
20230810,4468.8299999999999
20230811,4464.0500000000002
20230814,4489.7200000000003
20230815,4437.8599999999997
20230816,4404.3299999999999
20230817,4370.3599999999997
20230818,4369.71
20230821,4399.7700000000004
20230822,4387.5500000000002
20230823,4436.0100000000002
20230824,4376.3100000000004
20230825,4405.71
20230828,4433.3100000000004
20230829,4497.6300000000001
20230830,4514.8699999999999
20230831,4507.6599999999999
20230901,4515.7700000000004
20230905,4496.8299999999999
20230906,4465.4799999999996
20230907,4451.1400000000003
20230908,4457.4899999999998
20230911,4487.46
20230912,4461.8999999999996
20230913,4467.4399999999996
20230914,4505.1000000000004
20230915,4450.3199999999997
20230918,4453.5299999999997
20230919,4443.9499999999998
20230920,4402.1999999999998
20230921,4330
20230922,4320.0600000000004
20230925,4337.4399999999996
20230926,4273.5299999999997
20230927,4274.5100000000002
20230928,4299.6999999999998
20230929,4288.0500000000002
20231002,4288.3900000000003
20231003,4229.4499999999998
20231004,4263.75
20231005,4258.1899999999996
20231006,4308.5
20231009,4335.6599999999999
20231010,4358.2399999999998
20231011,4376.9499999999998
20231012,4349.6099999999997
20231013,4327.7799999999997
20231016,4373.6300000000001
20231017,4373.1999999999998
20231018,4314.6000000000004
20231019,4278
20231020,4224.1599999999999
20231023,4217.04
20231024,4247.6800000000003
20231025,4186.7700000000004
20231026,4137.2299999999996
20231027,4117.3699999999999
20231030,4166.8199999999997
20231031,4193.8000000000002
20231101,4237.8599999999997
20231102,4317.7799999999997
20231103,4358.3400000000001
20231106,4365.9799999999996
20231107,4378.3800000000001
20231108,4382.7799999999997
20231109,4347.3500000000004
20231110,4415.2399999999998
20231113,4411.5500000000002
20231114,4495.6999999999998
20231115,4502.8800000000001
20231116,4508.2399999999998
20231117,4514.0200000000004
20231120,4547.3800000000001
20231121,4538.1899999999996
20231122,4556.6199999999999
20231124,4559.3400000000001
20231127,4550.4300000000003
20231128,4554.8900000000003
20231129,4550.5799999999999
20231130,4567.8000000000002
20231201,4594.6300000000001
20231204,4569.7799999999997
20231205,4567.1800000000003
20231206,4549.3400000000001
20231207,4585.5900000000001
20231208,4604.3699999999999
20231211,4622.4399999999996
20231212,4643.6999999999998
20231213,4707.0900000000001
20231214,4719.5500000000002
20231215,4719.1899999999996
20231218,4740.5600000000004
20231219,4768.3699999999999
20231220,4698.3500000000004
20231221,4746.75
20231222,4754.6300000000001
20231226,4774.75
20231227,4781.5799999999999
20231228,4783.3500000000004
20231229,4769.8299999999999
20240102,4742.8299999999999
20240103,4704.8100000000004
20240104,4688.6800000000003
20240105,4697.2399999999998
20240108,4763.54
20240109,4756.5
20240110,4783.4499999999998
20240111,4780.2399999999998
20240112,4783.8299999999999
20240116,4765.9799999999996
20240117,4739.21
20240118,4780.9399999999996
20240119,4839.8100000000004
20240122,4850.4300000000003
20240123,4864.6000000000004
20240124,4868.5500000000002
20240125,4894.1599999999999
20240126,4890.9700000000003
20240129,4927.9300000000003
20240130,4924.9700000000003
20240131,4845.6499999999996
20240201,4906.1899999999996
20240202,4958.6099999999997
20240205,4942.8100000000004
20240206,4954.2299999999996
20240207,4995.0600000000004
20240208,4997.9099999999999
20240209,5026.6099999999997
20240212,5021.8400000000001
20240213,4953.1700000000001
20240214,5000.6199999999999
20240215,5029.7299999999996
20240216,5005.5699999999997
20240220,4975.5100000000002
20240221,4981.8000000000002
20240222,5087.0299999999997
20240223,5088.8000000000002
20240226,5069.5299999999997
20240227,5078.1800000000003
20240228,5069.7600000000002
20240229,5096.2700000000004
20240301,5137.0799999999999
20240304,5130.9499999999998
20240305,5078.6499999999996
20240306,5104.7600000000002
20240307,5157.3599999999997
20240308,5123.6899999999996
20240311,5117.9399999999996
20240312,5175.2700000000004
20240313,5165.3100000000004
20240314,5150.4799999999996
20240315,5117.0900000000001
20240318,5149.4200000000001
20240319,5178.5100000000002
20240320,5224.6199999999999
20240321,5241.5299999999997
20240322,5234.1800000000003
20240325,5218.1899999999996
20240326,5203.5799999999999
20240327,5248.4899999999998
20240328,5254.3500000000004
20240401,5243.7700000000004
20240402,5205.8100000000004
20240403,5211.4899999999998
20240404,5147.21
20240405,5204.3400000000001
20240408,5202.3900000000003
20240409,5209.9099999999999
20240410,5160.6400000000003
20240411,5199.0600000000004
20240412,5123.4099999999999
20240415,5061.8199999999997
20240416,5051.4099999999999
20240417,5022.21
20240418,5011.1199999999999
20240419,4967.2299999999996
20240422,5010.6000000000004
20240423,5070.5500000000002
20240424,5071.6300000000001
20240425,5048.4200000000001
20240426,5099.96
20240429,5116.1700000000001
20240430,5035.6899999999996
20240501,5018.3900000000003
20240502,5064.1999999999998
20240503,5127.79
20240506,5180.7399999999998
20240507,5187.6999999999998
20240508,5187.6700000000001
20240509,5214.0799999999999
20240510,5222.6800000000003
20240513,5221.4200000000001
20240514,5246.6800000000003
20240515,5308.1499999999996
20240516,5297.1000000000004
20240517,5303.2700000000004
20240520,5308.1300000000001
20240521,5321.4099999999999
20240522,5307.0100000000002
20240523,5267.8400000000001
20240524,5304.7200000000003
20240528,5306.04
20240529,5266.9499999999998
20240530,5235.4799999999996
20240531,5277.5100000000002
20240603,5283.3999999999996
20240604,5291.3400000000001
20240605,5354.0299999999997
20240606,5352.96
20240607,5346.9899999999998
20240610,5360.79
20240611,5375.3199999999997
20240612,5421.0299999999997
20240613,5433.7399999999998
20240614,5431.6000000000004
20240617,5473.2299999999996
20240618,5487.0299999999997
20240620,5473.1700000000001
20240621,5464.6199999999999
20240624,5447.8699999999999
20240625,5469.3000000000002
20240626,5477.8999999999996
20240627,5482.8699999999999
20240628,5460.4799999999996
20240701,5475.0900000000001
20240702,5509.0100000000002
20240703,5537.0200000000004
20240705,5567.1899999999996
20240708,5572.8500000000004
20240709,5576.9799999999996
20240710,5633.9099999999999
20240711,5584.54
20240712,5615.3500000000004
20240715,5631.2200000000003
20240716,5667.1999999999998
20240717,5588.2700000000004
20240718,5544.5900000000001
20240719,5505
20240722,5564.4099999999999
20240723,5555.7399999999998
20240724,5427.1300000000001
20240725,5399.2200000000003
20240726,5459.1000000000004
20240729,5463.54
20240730,5436.4399999999996
20240731,5522.3000000000002
20240801,5446.6800000000003
20240802,5346.5600000000004
20240805,5186.3299999999999
20240806,5240.0299999999997
20240807,5199.5
20240808,5319.3100000000004
20240809,5344.1599999999999
20240812,5344.3900000000003
20240813,5434.4300000000003
20240814,5455.21
20240815,5543.2200000000003
20240816,5554.25
20240819,5608.25
20240820,5597.1199999999999
20240821,5620.8500000000004
20240822,5570.6400000000003
20240823,5634.6099999999997
20240826,5616.8400000000001
20240827,5625.8000000000002
20240828,5592.1800000000003
20240829,5591.96
20240830,5648.3999999999996
20240903,5528.9300000000003
20240904,5520.0699999999997
20240905,5503.4099999999999
20240906,5408.4200000000001
20240909,5471.0500000000002
20240910,5495.5200000000004
20240911,5554.1300000000001
20240912,5595.7600000000002
20240913,5626.0200000000004
20240916,5633.0900000000001
20240917,5634.5799999999999
20240918,5618.2600000000002
20240919,5713.6400000000003
20240920,5702.5500000000002
20240923,5718.5699999999997
20240924,5732.9300000000003
20240925,5722.2600000000002
20240926,5745.3699999999999
20240927,5738.1700000000001
20240930,5762.4799999999996
20241001,5708.75
20241002,5709.54
20241003,5699.9399999999996
20241004,5751.0699999999997
20241007,5695.9399999999996
20241008,5751.1300000000001
20241009,5792.04
20241010,5780.0500000000002
20241011,5815.0299999999997
20241014,5859.8500000000004
20241015,5815.2600000000002
20241016,5842.4700000000003
20241017,5841.4700000000003
20241018,5864.6700000000001
20241021,5853.9799999999996
20241022,5851.1999999999998
20241023,5797.4200000000001
20241024,5809.8599999999997
20241025,5808.1199999999999
20241028,5823.5200000000004
20241029,5832.9200000000001
20241030,5813.6700000000001
20241031,5705.4499999999998
20241101,5728.8000000000002
20241104,5712.6899999999996
20241105,5782.7600000000002
20241106,5929.04
20241107,5973.1000000000004
20241108,5995.54
20241111,6001.3500000000004
20241112,5983.9899999999998
20241113,5985.3800000000001
20241114,5949.1700000000001
20241115,5870.6199999999999
20241118,5893.6199999999999
20241119,5916.9799999999996
20241120,5917.1099999999997
20241121,5948.71
20241122,5969.3400000000001
20241125,5987.3699999999999
20241126,6021.6300000000001
20241127,5998.7399999999998
20241129,6032.3800000000001
20241202,6047.1499999999996
20241203,6049.8800000000001
20241204,6086.4899999999998
20241205,6075.1099999999997
20241206,6090.2700000000004
20241209,6052.8500000000004
20241210,6034.9099999999999
20241211,6084.1899999999996
20241212,6051.25
20241213,6051.0900000000001
20241216,6074.0799999999999
20241217,6050.6099999999997
20241218,5872.1599999999999
20241219,5867.0799999999999
20241220,5930.8500000000004
20241223,5974.0699999999997
20241224,6040.04
20241226,6037.5900000000001
20241227,5970.8400000000001
20241230,5906.9399999999996
20241231,5881.6300000000001
20250102,5868.5500000000002
20250103,5942.4700000000003
20250106,5975.3800000000001
20250107,5909.0299999999997
20250108,5918.25
20250110,5827.04
20250113,5836.2200000000003
20250114,5842.9099999999999
20250115,5949.9099999999999
20250116,5937.3400000000001
20250117,5996.6599999999999
20250121,6049.2399999999998
20250122,6086.3699999999999
20250123,6118.71
20250124,6101.2399999999998
20250127,6012.2799999999997
20250128,6067.6999999999998
20250129,6039.3100000000004
20250130,6071.1700000000001
20250131,6040.5299999999997
20250203,5994.5699999999997
20250204,6037.8800000000001
20250205,6061.4799999999996
20250206,6083.5699999999997
20250207,6025.9899999999998
20250210,6066.4399999999996
20250211,6068.5
20250212,6051.9700000000003
20250213,6115.0699999999997
20250214,6114.6300000000001
20250218,6129.5799999999999
20250219,6144.1499999999996
20250220,6117.5200000000004
20250221,6013.1300000000001
20250224,5983.25
20250225,5955.25
20250226,5956.0600000000004
20250227,5861.5699999999997
20250228,5954.5
20250303,5849.7200000000003
20250304,5778.1499999999996
20250305,5842.6300000000001
20250306,5738.5200000000004
20250307,5770.1999999999998
20250310,5614.5600000000004
20250311,5572.0699999999997
20250312,5599.3000000000002
20250313,5521.5200000000004
20250314,5638.9399999999996
20250317,5675.1199999999999
20250318,5614.6599999999999
20250319,5675.29
20250320,5662.8900000000003
20250321,5667.5600000000004
20250324,5767.5699999999997
20250325,5776.6499999999996
20250326,5712.1999999999998
20250327,5693.3100000000004
20250328,5580.9399999999996
20250331,5611.8500000000004
20250401,5633.0699999999997
20250402,5670.9700000000003
20250403,5396.5200000000004
20250404,5074.0799999999999
20250407,5062.25
20250408,4982.7700000000004
20250409,5456.8999999999996
20250410,5268.0500000000002
20250411,5363.3599999999997
20250414,5405.9700000000003
20250415,5396.6300000000001
20250416,5275.6999999999998
20250417,5282.6999999999998
20250421,5158.1999999999998
20250422,5287.7600000000002
20250423,5375.8599999999997
20250424,5484.7700000000004
20250425,5525.21
20250428,5528.75
20250429,5560.8299999999999
20250430,5569.0600000000004
20250501,5604.1400000000003
20250502,5686.6700000000001
20250505,5650.3800000000001
20250506,5606.9099999999999
20250507,5631.2799999999997
20250508,5663.9399999999996
20250509,5659.9099999999999
20250512,5844.1899999999996
20250513,5886.5500000000002
20250514,5892.5799999999999
20250515,5916.9300000000003
20250516,5958.3800000000001
20250519,5963.6000000000004
20250520,5940.46
20250521,5844.6099999999997
20250522,5842.0100000000002
20250523,5802.8199999999997
20250527,5921.54
20250528,5888.5500000000002
20250529,5912.1700000000001
20250530,5911.6899999999996
20250602,5935.9399999999996
20250603,5970.3699999999999
20250604,5970.8100000000004
20250605,5939.3000000000002
20250606,6000.3599999999997
20250609,6005.8800000000001
20250610,6038.8100000000004
20250611,6022.2399999999998
20250612,6045.2600000000002
20250613,5976.9700000000003
20250616,6033.1099999999997
20250617,5982.7200000000003
20250618,5980.8699999999999
20250620,5967.8400000000001
20250623,6025.1700000000001
20250624,6092.1800000000003
20250625,6092.1599999999999
20250626,6141.0200000000004
20250627,6173.0699999999997
20250630,6204.9499999999998
20250701,6198.0100000000002
20250702,6227.4200000000001
20250703,6279.3500000000004
20250707,6229.9799999999996
20250708,6225.5200000000004
20250709,6263.2600000000002
20250710,6280.46
20250711,6259.75
20250714,6268.5600000000004
20250715,6243.7600000000002
20250716,6263.6999999999998
20250717,6297.3599999999997
20250718,6296.79
20250721,6305.6000000000004
20250722,6309.6199999999999
20250723,6358.9099999999999
20250724,6363.3500000000004
20250725,6388.6400000000003
20250728,6389.7700000000004
20250729,6370.8599999999997
20250730,6362.8999999999996
20250731,6339.3900000000003
20250801,6238.0100000000002
20250804,6329.9399999999996
20250805,6299.1899999999996
20250806,6345.0600000000004
20250807,6340
20250808,6389.4499999999998
20250811,6373.4499999999998
20250812,6445.7600000000002
20250813,6466.5799999999999
20250814,6468.54
20250815,6449.8000000000002
20250818,6449.1499999999996
20250819,6411.3699999999999
20250820,6395.7799999999997
20250821,6370.1700000000001
20250822,6466.9099999999999
20250825,6439.3199999999997
20250826,6465.9399999999996
20250827,6481.3999999999996
20250828,6501.8599999999997
20250829,6460.2600000000002
20250902,6415.54
20250903,6448.2600000000002
20250904,6502.0799999999999
20250905,6481.5
20250908,6495.1499999999996
20250909,6512.6099999999997
20250910,6532.04
20250911,6587.4700000000003
20250912,6584.29
20250915,6615.2799999999997
20250916,6606.7600000000002
20250917,6600.3500000000004
20250918,6631.96
20250919,6664.3599999999997
20250922,6693.75
20250923,6656.9200000000001
20250924,6637.9700000000003
20250925,6604.7200000000003
20250926,6643.6999999999998
20250929,6661.21
20250930,6688.46
20251001,6711.1999999999998
20251002,6715.3500000000004
20251003,6715.79
20251006,6740.2799999999997
20251007,6714.5900000000001
20251008,6753.7200000000003
20251009,6735.1099999999997
20251010,6552.5100000000002
20251013,6654.7200000000003
20251014,6644.3100000000004
20251015,6671.0600000000004
20251016,6629.0699999999997
20251017,6664.0100000000002
20251020,6735.1300000000001
20251021,6735.3500000000004
20251022,6699.3999999999996
20251023,6738.4399999999996
20251024,6791.6899999999996
20251027,6875.1599999999999
20251028,6890.8900000000003
20251029,6890.5900000000001
20251030,6822.3400000000001
20251031,6840.1999999999998
20251103,6851.9700000000003
20251104,6771.5500000000002
20251105,6796.29
20251106,6720.3199999999997
20251107,6728.8000000000002
20251110,6832.4300000000003
20251111,6846.6099999999997
20251112,6850.9200000000001
20251113,6737.4899999999998
20251114,6734.1099999999997
20251117,6672.4099999999999
20251118,6617.3199999999997
20251119,6642.1599999999999
20251120,6538.7600000000002
20251121,6602.9899999999998
20251124,6705.1199999999999
20251125,6765.8800000000001
20251126,6812.6099999999997
20251128,6849.0900000000001
20251201,6812.6300000000001
20251202,6829.3699999999999
20251203,6849.7200000000003
20251204,6857.1199999999999
20251205,6870.3999999999996
20251208,6846.5100000000002
20251209,6840.5100000000002
20251210,6886.6800000000003
20251211,6901
20251212,6827.4099999999999
20251215,6816.5100000000002
20251216,6800.2600000000002
20251217,6721.4300000000003
20251218,6774.7600000000002
20251219,6834.5
20251222,6878.4899999999998
20251223,6909.79
20251224,6932.0500000000002
20251226,6929.9399999999996
20251229,6905.7399999999998
20251230,6896.2399999999998
20251231,6845.5
20260102,6858.4700000000003
20260105,6902.0500000000002
20260106,6944.8199999999997
20260107,6920.9300000000003
20260108,6921.46
20260109,6966.2799999999997
20260112,6977.2700000000004
20260113,6963.7399999999998
20260114,6926.6000000000004
20260115,6944.4700000000003
20260116,6940.0100000000002
20260120,6796.8599999999997
20260121,6875.6199999999999
20260122,6913.3519999999999
20260123,6915.6106
20260126,6950.2322000000004
20260127,6978.5968999999996
20260128,6978.0294000000004
20260129,6969.0069000000003
20260130,6939.0294999999996
20260202,6976.4399999999996
20260203,6917.8100000000004
20260204,6882.7200000000003
20260205,6798.3999999999996
20260206,6932.3000000000002
20260209,6964.8199999999997
20260210,6941.8100000000004
20260211,6941.4700000000003
20260212,6832.7600000000002
20260213,6836.1700000000001
20260217,6843.2200000000003
20260218,6881.3100000000004
20260219,6861.8900000000003
20260220,6909.5100000000002
20260223,6837.75
20260224,6890.0699999999997
20260225,6946.1300000000001
20260226,6908.8599999999997
20260227,6878.8800000000001
20260302,6881.6199999999999
20260303,6816.6300000000001
20260304,6869.5
20260305,6830.71
20260306,6740.0200000000004
20260309,6795.9899999999998
20260310,6781.4799999999996
20260311,6775.8000000000002
20260312,6672.6199999999999
20260313,6632.1899999999996
20260316,6699.3800000000001
20260317,6716.0900000000001
20260318,6624.6999999999998
20260319,6606.4899999999998
20260320,6506.4799999999996
20260323,6581
20260324,6556.3699999999999
20260325,6591.8999999999996
20260326,6477.1599999999999
20260327,6368.8500000000004
20260330,6343.7200000000003
20260331,6528.5200000000004
20260401,6575.3199999999997
20260402,6582.6899999999996
20260406,6611.8299999999999
20260407,6616.8500000000004
20260408,6782.8100000000004
20260409,6824.6599999999999
20260410,6816.8900000000003
20260413,6886.2399999999998
20260414,6967.3800000000001
20260415,7022.9499999999998
20260416,7041.2799999999997
20260417,7126.0600000000004
20260420,7109.1400000000003
20260421,7064.0100000000002
20260422,7137.8999999999996
20260423,7108.3999999999996
20260424,7165.0799999999999
20260427,7173.9099999999999
20260428,7138.8000000000002
20260429,7135.9499999999998
20260430,7209.0100000000002
20260501,7230.1199999999999
20260504,7200.75
20260505,7259.2200000000003
20260506,7365.1199999999999
20260507,7337.1099999999997
20260508,7398.9300000000003
20260511,7412.8400000000001
20260512,7400.96
20260513,7444.25
20260514,7501.2399999999998
20260515,7408.5
20260518,7403.0500000000002
20260519,7353.6099999999997
20260520,7432.9700000000003
20260521,7445.7200000000003
20260522,7473.4700000000003
20260526,7519.1199999999999
20260527,7520.3599999999997
20260528,7563.6300000000001
20260529,7580.0600000000004
20260601,7599.96
20260602,7609.7799999999997
20260603,7553.6800000000003
20260604,7584.3100000000004
20260605,7383.7399999999998
20260608,7405.7299999999996
20260609,7386.6499999999996
20260610,7266.9899999999998
20260611,7394.3000000000002
20260612,7431.46
20260615,7554.29
20260616,7511.3500000000004
20260617,7420.1000000000004
20260618,7500.5799999999999
20260622,7472.79
20260623,7365.46
20260624,7358.2200000000003
20260625,7357.4899999999998
20260626,7354.0200000000004
20260629,7440.4300000000003
20260630,7499.3599999999997
20260701,7483.2299999999996
20260702,7483.2399999999998
20260706,7537.4300000000003
20260707,7503.8500000000004
20260708,7482.71
20260709,7543.6400000000003
20260710,7575.3900000000003
20260713,7515.3400000000001
20260714,7543.5900000000001
20260715,7572.3999999999996
20260716,7533.7700000000004
20260717,7457.6899999999996
20260720,7443.2799999999997
20260721,7509.1999999999998
20260722,7498.96
20260723,7408.3000000000002
20260724,7411.9799999999996
20260727,7413.1800000000003
20260728,7428.7799999999997
20260729,7316.1499999999996
20260730,7437.6300000000001
20260731,7489.7200000000003
20260803,7600.5
20260804,7736.5200000000004
20260805,7723.5500000000002
20260806,7709.96
20260807,7757.6400000000003
20260810,7753.1099999999997
20260811,7728.1999999999998
20260812,7748.5
20260813,7798.9899999999998
20260814,7785.7600000000002
20260817,7745.0600000000004
20260818,7691.7600000000002
20260819,7707.9799999999996
20260820,7641.1599999999999
20260821,7674.3699999999999
20260824,7652.8599999999997
20260825,7677.2799999999997
20260826,7675.6999999999998
20260827,7730.9899999999998
20260828,7711.7600000000002
20260831,7686.1400000000003
20260901,7631.4700000000003
20260902,7666.6000000000004
20260903,7747.71
20260904,7718.6000000000004
20260908,7673.5199000000002
20260909,7636.3622999999998
20260910,7591.6989000000003
20260911,7656.9795000000004
20260914,7619.9849000000004
20260915,7585.7335999999996
